id,sim
0000,0220-0140-0357-1258-0003-0340-0617-1285-0778-0362
0001,0897-0244-0465-0501-1097-1545-0577-1451-1435-0588
0002,1227-0092-0679-1235-0756-0374-0179-0931-0517-0520
0003,0000-0354-0220-0387-0873-0179-0628-0785-0362-0671
0004,1524-0874-0320-0617-0044-0715-1341-1188-1467-0289
0005,0263-1024-1132-1243-1065-1204-1383-1002-0165-0560
0006,1154-0036-0971-1177-1354-1556-0939-1237-1106-1179
0007,0139-1108-0779-0528-0121-1055-1021-0827-0992-0988
0008,0817-1019-1264-0080-0587-0524-0827-0073-0579-0215
0009,1096-1101-0776-0789-0825-0354-0129-0711-1260-0572
0010,0010-0153-0156-0286-0427-0457-0561-0746-0795-0836
0011,0394-0369-1165-0267-0841-1173-0480-0389-1029-0759
0012,0439-0483-1285-0856-0456-1138-0110-0340-0341-1544
0013,0735-0728-0475-0499-0015-1323-0067-0138-1149-0643
0014,0089-0210-0445-1178-0771-0076-0981-0686-1564-1002
0015,0777-0615-0091-0013-0475-0686-1348-0172-0213-0790
0016,0643-1492-0987-0067-0211-0390-0883-0774-0182-0699
0017,0340-1145-0218-0578-0697-0070-0853-0241-1090-0617
0018,0576-0919-0736-0915-0693-0911-0147-0419-0917-0418
0019,0239-0989-0714-0729-0821-1437-0625-0551-0564-0553
0020,1132-0951-1129-0389-1327-1363-1523-1048-0560-1018
0021,1171-1170-1103-0575-0570-0579-1109-0817-0080-0524
0022,1219-0912-0406-0917-0916-0911-1015-0404-0914-0915
0023,1065-1418-1286-0778-0695-0766-1054-1067-0552-0762
0024,0383-1222-0646-0161-0482-1307-0345-1139-0493-0174
0025,0065-0659-0736-1153-1125-1141-0652-1137-0170-1202
0026,0055-0849-0984-0310-0327-0281-0531-0696-0581-0411
0027,1022-0091-0210-0904-0819-0173-0865-0397-1529-1368
0028,0715-1288-1400-0374-1031-0671-1495-1280-0944-0167
0029,0140-0126-1258-0876-0456-0837-0340-0155-1285-1110
0030,1498-1479-1249-1263-0391-1245-1474-1516-1385-1492
0031,0032-1288-1280-1281-0466-0257-0127-0355-1102-0436
0032,0857-0888-0387-0360-0474-1260-0104-0868-0040-0355
0033,0520-0036-0483-0655-0060-0514-0042-0517-0343-0453
0034,0219-0694-0083-0617-0340-0082-0275-0257-1258-1285
0035,0032-0909-0891-0789-1167-1154-0747-1077-1007-0888
0036,0033-0876-0343-0218-0895-0126-0340-0219-0466-0765
0037,0657-1027-0680-1215-0188-0849-0495-1125-1141-0911
0038,1260-0023-0522-0045-1036-0123-0778-0766-0083-0065
0039,0803-1463-0790-1476-0029-0137-0332-0091-0299-1283
0040,0387-0975-0857-0868-0859-0788-0051-0833-1260-0970
0041,0867-0280-1073-1174-1198-0378-0154-0907-1049-0052
0042,0515-0033-0046-1227-0172-1491-1345-1060-0167-1338
0043,0361-0302-0769-0759-1003-0593-1006-1070-0407-0510
0044,0158-1341-0686-0279-0215-0004-0209-1481-0775-0241
0045,0971-0158-1281-1354-1101-0123-0083-1288-0136-0750
0046,1068-0042-0515-1119-0168-1253-0172-1177-1491-0033
0047,1299-0832-1016-0466-1335-0868-0360-0355-0888-1260
0048,0050-1170-1171-0021-1103-1506-1538-0791-0808-0524
0049,1175-0911-0630-0965-0917-0961-0916-0410-0919-0055
0050,0048-0791-1170-1001-0219-0839-0021-1011-0621-1344
0051,0976-0074-0059-0971-0975-0978-0963-0970-0962-0968
0052,1247-1187-1254-0290-0559-0852-1384-0229-1409-1412
0053,0073-1010-0215-0497-0559-0044-0384-0403-0500-0470
0054,0058-0066-0436-0709-0130-1131-1124-0922-0319-1143
0055,0026-0960-0049-0984-0132-0531-0125-1166-1021-0682
0056,0831-0267-0382-1550-0907-0055-0984-1238-0869-1230
0057,0972-0977-0419-0965-0417-0404-0961-0919-0911-0410
0058,0054-0066-0436-1124-1131-0130-1225-0616-0486-0319
0059,0074-0051-0976-0973-0971-0975-0979-0978-0958-0968
0060,0099-0209-1285-1263-1054-0837-0764-0711-0765-0794
0061,1564-0735-1001-0523-0349-1509-0711-1125-1141-0083
0062,1120-0379-1039-1102-0841-1233-0670-0862-1305-1033
0063,1518-0586-0323-1495-0325-0128-0788-1498-1489-1249
0064,0474-0104-0220-0859-0889-0070-0600-0975-1354-0360
0065,0078-1153-0771-0787-0775-0084-0792-1107-0099-1001
0066,0054-0058-0436-0922-0974-0319-0449-0709-1143-0973
0067,0853-0463-1418-0686-0069-1054-1044-1065-0289-1263
0068,0621-0021-0256-0947-1103-0961-0965-1170-0839-0850
0069,0963-0209-0970-0077-0070-1145-0387-0694-0349-0959
0070,0700-0888-0857-0340-0959-0354-1145-0179-0387-1101
0071,0953-0084-0470-0497-0946-1001-0839-0445-0947-0957
0072,0876-1138-1258-0889-0894-0126-1139-0708-0435-0064
0073,0053-0008-0500-0920-1010-0948-1264-1306-0215-1337
0074,0051-0059-0976-0971-0973-0968-0969-0979-0964-0978
0075,1153-1001-1107-0771-0953-1017-0792-0210-0609-0334
0076,0686-0778-0764-1005-1065-1095-0762-0765-0089-0766
0077,1095-0069-0694-0963-0349-0219-0179-0070-0340-0766
0078,0065-0775-0792-0771-1153-0887-1020-0084-0183-0193
0079,0217-0211-0696-0960-1550-1108-1021-0284-0669-0481
0080,0817-0524-0579-1109-1264-0587-1171-0021-1170-0592
0081,0294-0240-1454-1421-1183-1460-1512-0452-0634-1368
0082,0083-0859-1260-0868-0040-0778-0126-1145-0963-1285
0083,0082-1260-0218-0694-0788-0761-0785-0859-0275-0354
0084,1153-0953-0065-0071-0219-1246-0787-0686-1510-0764
0085,0853-1149-0179-1025-0241-0963-1368-0888-1519-1443
0086,1146-1151-1210-0856-1516-1453-0296-0293-0414-1368
0087,0438-1388-1183-1460-1367-1573-1362-1449-1247-0660
0088,1114-0856-0997-1265-1533-1347-1208-1297-0560-0225
0089,1263-0695-0694-0060-0686-0853-0762-0837-1123-0445
0090,0865-1021-0396-0400-0992-1347-0276-0988-0630-0182
0091,0857-0790-0859-0166-0970-0615-0732-0349-0127-0778
0092,0982-0069-0216-0586-0628-0825-0017-0600-1201-0347
0093,0638-0172-1274-0472-0985-0926-0499-1075-1340-0168
0094,0936-1275-0935-0083-0354-1276-0063-0176-0482-1260
0095,0099-0783-0787-1344-0792-0691-1107-0632-0771-0640
0096,0609-0408-0419-0409-0874-0911-0919-0647-0420-1171
0097,1333-1169-0455-1353-0324-0014-1470-1453-0698-1004
0098,0108-0500-0581-0587-0704-1460-1264-0170-0915-1103
0099,0095-0102-0060-1145-1285-1344-0837-0711-0794-0792
0100,0505-1555-0385-0433-0339-0501-0337-0895-0205-1316
0101,1434-1347-0480-0105-0685-0745-0184-0194-1446-0393
0102,0099-0640-1344-0794-0095-0439-1276-0638-0514-0955
0103,1259-0616-0545-0571-0471-1411-0578-1447-0740-1271
0104,1301-0040-0387-0975-0600-0360-0474-0032-0051-0264
0105,1523-0209-0943-0901-1054-0187-1129-1138-0089-0033
0106,0149-1123-1024-0774-0104-0451-0318-0441-1386-1489
0107,0322-0356-0239-0512-0653-0714-0507-0120-0503-0557
0108,0098-0500-0419-0410-0417-0570-1460-0418-1171-0426
0109,1257-0211-1453-0844-0107-0295-1180-1297-0023-0401
0110,0090-1570-0687-0437-0088-1217-1157-0253-0012-0865
0111,0687-0428-1210-1188-0404-0384-1161-0417-0977-0426
0112,0895-0995-0471-0036-0583-0642-1265-0133-1217-0667
0113,0999-1289-0834-1069-0861-0630-0596-0125-0620-1346
0114,1487-1103-0090-1047-0570-0444-0517-0116-0115-0520
0115,0116-0646-1222-0369-1143-0385-0742-1092-0620-1346
0116,0115-0646-1222-0369-0385-0742-1092-1143-0161-0620
0117,1143-0588-0709-1329-1333-0855-0759-0801-1222-0115
0118,1008-0698-0784-0295-1014-1029-0556-0567-1430-0324
0119,1205-0060-1005-0853-0209-1285-0436-1172-1149-1263
0120,0503-0557-0568-0898-1009-1218-1293-1199-0252-0287
0121,0139-0175-1108-0261-1454-0693-0007-0637-0704-0269
0122,0828-0495-0468-1217-0293-0296-0432-1203-0269-1462
0123,0973-0203-0750-0966-1016-0979-1354-0859-0198-0040
0124,0125-0132-0764-0210-1231-1212-0992-1202-0887-1022
0125,0132-0124-0887-1229-0775-0446-0692-0804-0881-0078
0126,0083-0082-0694-0876-0778-1260-0474-1518-0140-0158
0127,0140-0955-0000-0040-0574-1438-0694-0077-0449-0963
0128,0701-0354-0591-0063-0888-0586-0179-0574-0449-0975
0129,0690-0357-1284-0708-0354-1101-0241-0617-1390-1145
0130,0434-1127-1000-1132-0282-0933-0272-0058-0066-1294
0131,0853-1390-1123-0963-1145-1341-0695-0686-0617-1493
0132,0125-0124-0887-0446-0692-1229-0775-1020-1022-0055
0133,0515-1356-0135-0399-1462-1491-0227-0033-0443-0042
0134,1260-0876-0166-0069-0359-0179-0909-0833-0959-0077
0135,0983-1488-0348-0934-0133-0167-0089-0157-0715-1230
0136,0059-0968-0969-0973-0359-1281-0958-0051-0962-0165
0137,0200-0209-1284-1065-1260-1286-1106-0017-0695-1392
0138,1177-1154-1404-0259-0728-1285-0172-0255-0482-1255
0139,1108-0121-0007-0175-0779-0528-1219-1137-0022-0914
0140,0000-0127-0837-0778-1258-0766-1285-1276-0762-1145
0141,1348-0934-0143-1476-1281-0320-0975-0169-0682-0708
0142,1360-0829-0950-0090-0440-1042-0847-0899-1391-1520
0143,0163-1336-0658-0157-1371-1477-0141-0482-1339-0337
0144,1097-0499-0993-0412-0391-0180-0071-0921-0285-0854
0145,1054-1202-1263-0762-0496-0764-1248-0640-0766-0159
0146,1294-0619-0620-1346-1092-0668-1143-0478-0648-0939
0147,0018-0584-0773-0576-0125-1161-1006-0918-0648-0924
0148,0205-1210-0369-0542-1547-0212-0266-0385-0882-0722
0149,0804-1200-0885-0792-0403-0704-0496-0787-1060-0106
0150,1099-0218-0615-1285-0617-1213-0000-0155-0689-1206
0151,0837-0765-0686-1095-0060-0076-1145-0794-0778-0688
0152,1093-1100-0956-0450-0165-0738-0929-0609-0874-1037
0153,0010-0153-0156-0286-0427-0457-0561-0746-0795-0836
0154,0263-1563-0391-1095-1223-0882-0349-1044-0677-0886
0155,0219-0640-1285-0657-0343-0837-0372-0733-0099-0906
0156,0010-0153-0156-0286-0427-0457-0561-0746-0795-0836
0157,0348-0231-1355-1477-0160-1047-0217-0910-0143-1038
0158,1518-0694-1145-1339-0354-0083-0241-0063-0044-0357
0159,1101-0145-0776-0873-0766-0762-0155-1201-1096-1060
0160,0935-0728-0157-0665-0941-0944-0934-0216-0347-0955
0161,0024-0394-1555-1037-1222-0646-0578-1349-0829-0889
0162,0166-1016-0832-0788-1299-0979-0975-1007-0959-1214
0163,0143-0658-1230-1371-0608-0231-1567-1047-0926-0622
0164,1198-0462-0422-0951-0408-1470-0420-1115-1523-0356
0165,0136-0203-0063-1040-0334-0888-0578-0067-0973-1546
0166,0959-0832-0162-0040-0963-0978-0970-1279-0859-0964
0167,1414-0135-0615-1361-0655-0042-0515-1253-0803-1113
0168,0638-0633-0991-0632-1043-0918-0046-0985-1517-1213
0169,0944-0941-1276-0094-1428-0401-0665-0305-1280-1047
0170,0199-1480-0229-0281-1370-1509-0931-1125-1141-1508
0171,1508-0320-0176-0401-1492-0255-1447-0216-0157-0699
0172,1356-0700-1348-0000-0218-0868-0399-0082-1566-0357
0173,0922-0735-0918-1019-1005-0615-0520-1257-0260-0027
0174,0705-0743-0494-1089-0923-0024-0468-1120-1092-0398
0175,0139-0704-0121-1137-1108-0528-0392-0402-0404-0916
0176,0357-0362-0241-1123-0320-0922-0129-0694-0158-1401
0177,0683-0474-1546-1438-0694-0220-1299-0761-0703-0582
0178,1568-1420-1475-0751-1325-0244-1339-1510-0629-0340
0179,0700-0070-0449-0888-0474-0357-0354-0776-0671-1260
0180,0812-1537-0505-1476-0036-1358-1160-0399-0636-0332
0181,0191-0668-1094-0709-1048-1011-0479-0941-0046-0369
0182,1245-0495-1460-1310-1508-1449-1146-1111-0473-0210
0183,0193-0773-0791-0021-0961-1170-0965-1171-1512-0048
0184,0194-1437-1029-0569-0558-0820-0551-0564-1434-1186
0185,1308-1336-0305-0180-1342-0921-1488-1565-0400-1477
0186,0196-1340-1144-1484-1371-0227-0780-0550-1189-0033
0187,0232-0772-0105-0938-1165-0901-0719-0297-1197-0199
0188,0630-1249-1092-0817-0657-0595-0037-0592-0259-0281
0189,0355-1040-1106-0888-0789-0552-1546-1016-0362-0345
0190,0634-1020-0630-0884-0384-0948-0660-0570-1548-0947
0191,0191-0668-1094-0709-1048-1011-0479-0941-0046-0369
0192,0379-0597-1102-0530-0371-0806-0580-0767-0131-1341
0193,0193-0773-0791-0021-0961-1170-0965-1171-1512-0048
0194,0194-1437-1029-0569-0558-0820-0551-0564-1434-1186
0195,1203-0434-1217-0807-0899-0398-0864-1570-0923-1106
0196,0196-1340-1144-1484-1371-0227-0780-0550-1189-0033
0197,0223-0671-1007-1493-0189-1341-1016-0832-1287-1332
0198,1016-0203-1495-0973-0822-0741-0976-1546-0971-0123
0199,1125-1141-0170-1263-0229-1474-0210-0908-0555-1381
0200,0359-1260-1101-1495-0017-0137-0703-0070-0082-0859
0201,1498-1104-1110-1542-0171-1249-0330-0336-0827-0645
0202,0008-0892-0880-0849-0044-1303-0884-1022-1166-0279
0203,0964-0973-0832-0359-0959-0070-0040-0859-0888-0074
0204,0071-0834-0476-0608-1458-0830-0524-1039-0470-0782
0205,0745-0148-0709-0369-1173-0100-0307-0553-0565-0366
0206,0479-0208-0982-0959-0832-1268-1394-1233-1078-1475
0207,1495-1438-0070-0600-1080-0971-1354-1275-0936-0340
0208,0206-1419-0472-1410-0390-0822-1468-0329-1442-0886
0209,0069-0694-0219-0439-1285-0060-1054-0343-0837-0077
0210,1457-0686-0217-0771-0075-1263-1297-1183-1005-0904
0211,1509-0217-1370-0851-0067-1287-1332-1393-1521-1191
0212,0635-0871-0213-1493-1517-0695-0263-0732-0720-1342
0213,1391-1520-0853-0089-1517-1002-0695-1392-1349-0212
0214,0818-1241-1197-0501-1117-0253-0245-1326-1004-0519
0215,1264-0827-0581-0559-0570-1287-1332-0817-0587-0053
0216,1492-0853-0873-1201-0069-1526-1379-0711-0760-0063
0217,1341-0079-0211-1257-0851-0210-0699-1047-0686-1188
0218,0070-0578-0340-0083-0017-0359-0959-0975-1260-0859
0219,0694-0209-1001-1285-0155-0343-0077-0711-0571-1107
0220,0000-0859-0857-0357-0179-0975-0449-0700-0003-0387
0221,1160-1257-0210-1146-1362-1482-1544-1436-1418-0004
0222,0979-1016-0070-0959-0359-0964-0966-0975-0832-0387
0223,0197-0671-1007-1493-0189-1341-1016-0832-1287-1332
0224,1066-1450-1366-1016-1390-0982-1371-1452-0320-1403
0225,1512-1460-0226-1559-1324-1111-1388-1454-0240-1409
0226,0225-1386-1409-1324-0258-1501-1496-0536-1382-1512
0227,1189-1371-0597-0133-1537-0082-1260-0618-0430-1075
0228,0980-0380-0595-0245-0460-0526-0199-1239-0132-0887
0229,1331-1534-1422-1485-0537-1532-1292-1427-1240-0259
0230,1305-1567-1537-0676-0297-1358-0433-1566-1115-0758
0231,1181-0157-1290-1493-0367-1303-1342-0679-1456-1371
0232,0389-0187-0677-0209-0431-1044-0643-1234-1113-0105
0233,0374-1192-0231-1547-0881-0807-0248-1303-0735-0216
0234,0930-1186-0939-0378-1079-0459-0801-0423-0820-0270
0235,0905-0628-0673-0218-0755-1060-1443-0959-0003-0909
0236,0881-0253-1285-0258-1309-0638-0809-0884-1389-0226
0237,1133-1072-0818-0088-0271-0195-1380-0611-0864-1229
0238,1412-0400-1257-1109-0052-1019-0096-0269-0190-0261
0239,0714-0989-0821-0512-0653-0388-0507-0252-0287-0350
0240,1512-1454-1460-1559-1324-1111-1388-0225-1309-1449
0241,1467-0289-0304-0387-1524-0294-1401-1390-0357-1145
0242,1260-0658-1269-0889-0341-1080-0127-0597-0868-1568
0243,0995-0034-0045-0505-0291-1555-0986-0482-0822-0231
0244,1568-1510-1325-1554-1267-1339-1248-1571-1390-1370
0245,1241-0851-0831-0329-0030-0623-0473-0643-0279-0649
0246,1310-1469-1447-0981-1508-1445-0436-0244-1449-0255
0247,0250-0209-0251-0578-0399-0219-0017-0218-1281-0137
0248,0905-1105-1211-0929-1139-1328-0864-0233-0733-1125
0249,1372-0227-0432-0720-1250-1303-1485-1387-0731-0546
0250,0251-0247-1469-1517-0700-1457-0374-1151-0291-1411
0251,0250-0247-1443-1436-1504-0145-1447-0523-1242-0483
0252,0287-0350-0602-1082-1085-1302-1433-1032-1084-1413
0253,1228-1237-0236-0301-0437-0175-0473-1360-0879-1241
0254,0162-1060-1290-0047-1443-1037-0747-1075-0641-0874
0255,1484-1457-1191-1378-1526-1422-0931-1395-1464-1516
0256,1196-0595-1466-0068-0954-1277-0807-1103-0550-0802
0257,0857-1281-0387-0785-1145-0340-0975-0070-0963-1260
0258,1490-1449-1389-1187-1460-1388-1240-1500-1501-1511
0259,1240-0290-1496-1509-1511-1532-1026-1187-1507-1540
0260,0357-1279-0975-0069-0387-0522-0449-0713-1066-0220
0261,1512-1324-1454-0121-1525-0225-1111-1559-1388-0240
0262,1243-1452-1450-1366-1371-1066-1398-1429-1316-1283
0263,0951-0005-0560-1360-0462-0154-0212-1548-1169-1213
0264,1301-0040-1214-0104-0832-0909-0387-0788-1396-0859
0265,0358-0723-0677-0232-0791-0738-0647-0999-1163-1207
0266,0369-1004-0885-1143-1197-0709-0711-0787-1252-0923
0267,0869-0056-0724-0396-0011-0865-0952-1051-0453-1220
0268,0881-1157-0791-0575-0782-0942-0525-0514-0866-0647
0269,0279-1310-1171-0429-0121-0362-1512-0428-0329-1388
0270,1079-1186-1432-1207-0767-1261-0786-0234-0845-1523
0271,1069-1442-0613-1065-0775-0881-1360-0860-0771-0463
0272,0284-1048-0988-1175-0366-0992-0130-1303-0276-0871
0273,1425-0538-0513-0461-0508-1519-1298-0218-0244-0909
0274,0895-0747-1452-0365-0352-0502-1566-1318-0655-1275
0275,0785-0083-0387-0683-0474-0982-0873-0357-0082-0761
0276,0704-0090-0384-0886-0952-0849-0190-0702-0364-1034
0277,0475-0661-1149-0330-0336-0213-0942-0889-0478-0260
0278,1059-0304-1264-1161-1449-0384-0111-0920-0289-1188
0279,0304-1149-1421-0294-1287-1332-0044-1501-1310-0463
0280,0041-0867-0384-0878-1259-1164-1517-0930-0931-0279
0281,1264-0630-0871-0587-0284-1020-1055-0911-0849-0639
0282,1176-0428-1368-1306-1169-0540-1469-1371-0157-1254
0283,0799-0325-0701-1396-0516-1423-0264-1081-0128-1201
0284,0639-0281-0366-0871-0531-0856-0849-0630-0416-1015
0285,0143-0684-0482-0921-0597-0706-0351-1292-0244-1276
0286,0010-0153-0156-0286-0427-0457-0561-0746-0795-0836
0287,0287-0350-0602-1082-1085-1302-1433-1032-1084-1413
0288,0295-1029-1434-0131-0379-0450-1439-1180-0184-0194
0289,1524-0304-1467-0241-1390-1418-1401-1362-0294-1188
0290,1187-1507-1540-1511-0259-1496-1240-1384-1509-1532
0291,1492-1501-1445-0931-0873-0492-0250-0160-0935-0891
0292,1453-1464-1516-1482-1519-1500-0229-1331-1534-1119
0293,0296-1516-1378-1526-1561-1481-1457-1473-1397-1489
0294,1467-0304-1421-1034-1524-0241-1573-1188-1535-0289
0295,1536-1439-0118-1008-0784-0698-1434-1029-0288-1180
0296,0296-1516-1378-1526-1561-1481-1457-1473-1397-1489
0297,0540-1119-1292-0597-1553-1408-1532-1462-0906-1514
0298,0693-1264-0576-0672-1415-0680-0781-0657-0057-0158
0299,1537-0339-0337-1336-0405-1305-1463-0332-1371-0039
0300,0479-1475-1019-0318-1395-0533-0348-1531-1323-1351
0301,1126-0840-0253-1136-0134-0435-0848-1184-1252-1391
0302,1321-1361-0717-0535-0750-0043-0878-0479-0208-0123
0303,0597-0504-0980-0540-1504-0796-1532-1192-1456-1418
0304,0294-1524-1467-1034-0289-1188-1421-0241-1362-1573
0305,0505-1488-0169-0157-0910-1236-0741-1023-1546-0308
0306,0441-0787-0636-1227-0806-0953-0331-0338-1357-0905
0307,0556-0567-0377-0488-0553-0565-0709-0498-0551-0564
0308,1181-0305-0348-0910-0840-1244-0157-0800-0231-0717
0309,0629-0580-1510-1276-0697-0804-0257-1269-0953-0762
0310,0327-0313-0316-0770-1368-0915-0559-0659-0924-0409
0311,0328-0588-1129-1402-0742-1165-0677-0250-1557-0967
0312,1459-1361-0031-1435-1428-1021-0825-0198-0599-1154
0313,0316-0310-0327-0315-0770-0319-0634-1015-0682-0581
0314,0326-0981-0600-1544-1255-1498-1276-0246-1334-0363
0315,0319-0316-0313-1445-0669-0621-0310-0327-1022-0647
0316,0313-0310-0327-0315-0770-0319-0634-1015-0682-1086
0317,0550-1517-1204-0659-0496-0915-0540-0576-1436-0912
0318,1060-1109-0765-0441-0794-0764-1024-0084-0711-0476
0319,0315-0669-0316-0313-0022-1416-0066-1045-0711-0082
0320,1249-0628-1255-0357-0241-0975-1544-1122-0158-0176
0321,0777-0790-1344-0732-1469-0623-0621-0480-0965-0961
0322,0356-0107-0239-0512-0653-0507-0252-0287-0350-0602
0323,0325-1518-1067-1489-0761-1438-1269-0063-1211-1526
0324,0553-0565-0551-0564-0698-0784-0118-1008-1320-1124
0325,0323-1518-1489-0761-1438-0063-1269-1067-1267-1554
0326,0314-0938-0061-1028-0650-1014-0499-0777-0791-1366
0327,0327-0313-0316-0770-1368-0915-0559-0659-0924-0409
0328,0328-0588-1129-1402-0742-1165-0677-0250-1557-0967
0329,1266-1215-0466-0245-0454-0269-0179-0279-1036-0819
0330,0330-1149-0617-0751-0279-1002-0942-1283-1110-1104
0331,0338-0686-0853-0697-0735-0837-0695-0715-1379-1095
0332,0405-1260-0480-1280-0944-0257-0483-1288-0934-0812
0333,0307-1169-0369-0654-1383-1165-0646-1124-1131-1222
0334,0343-0694-0060-1285-0095-0209-0571-1344-0450-0771
0335,1566-0644-1466-0833-1414-0627-0663-1066-1253-0631
0336,0330-1149-0617-0751-0279-1002-0942-1283-1110-1104
0337,0339-1336-0299-1414-0399-0941-0332-0983-0934-1230
0338,0338-0686-0853-0697-0735-0837-0695-0715-1379-1095
0339,0337-1336-0299-0399-1414-0332-0941-0934-0983-1230
0340,0070-0017-0218-1514-0703-0858-0963-0051-0000-0387
0341,1438-1484-1080-1482-1269-1561-1396-0241-1498-0700
0342,0403-0630-0912-0422-0419-0424-0404-0916-0426-0420
0343,0439-0219-1285-0209-0347-0694-0060-0000-0069-0155
0344,0511-1560-1120-1089-0478-1125-1141-0143-0603-1208
0345,0963-0857-1284-0975-1096-1514-0959-0970-1423-0778
0346,1178-1083-0330-0336-1152-1104-1110-0029-0522-0479
0347,0449-0359-0761-1145-0600-1379-0628-0343-0837-0853
0348,0157-1477-0927-1355-0932-0910-0135-1140-1328-0622
0349,1054-0778-0069-0694-1095-1065-0077-0766-0762-0686
0350,0287-0350-0602-1082-1085-1302-1433-1032-1084-1413
0351,0719-1381-0219-1344-0635-1164-1001-1098-1112-0627
0352,0628-0198-0618-0274-0788-1546-0127-1269-1149-0970
0353,1370-1504-1395-0953-1389-1242-0244-1573-1443-0885
0354,1101-0128-0070-0959-0387-0179-0617-1016-1096-0083
0355,0360-0888-0539-0040-0189-1260-0857-0466-0789-1301
0356,0322-0107-0239-0714-0512-0653-0507-0252-0287-0350
0357,0179-0000-0975-0963-0387-0220-0241-0959-0970-0129
0358,0398-0265-1163-0738-1129-1503-0872-1052-0678-0163
0359,0859-0959-0347-0218-0203-0973-0222-0909-0978-0858
0360,0355-1301-0703-0888-0032-0466-0458-0104-0051-1040
0361,1139-1477-0608-0618-1290-0606-0927-1476-1519-0291
0362,0357-0003-0000-0463-1245-1287-1332-1498-0289-1099
0363,0502-0797-0510-0660-0216-0111-1255-0370-0961-1005
0364,0442-0111-0182-0210-0687-1146-0831-1328-1245-1171
0365,1213-1468-0515-0274-0758-0991-0985-0624-0150-1318
0366,0284-0639-0414-0281-0408-0531-0409-0415-1175-1015
0367,0231-0229-1147-0945-1011-1342-0597-1345-1303-1047
0368,0582-0573-0586-1211-1467-0788-0760-0785-0691-0585
0369,0709-1143-0759-0266-0678-0806-0722-0011-1014-0115
0370,0517-0520-0514-0578-0571-0583-1090-0017-0218-0209
0371,1461-0815-1268-0131-0231-1173-1233-0805-1483-1502
0372,0219-0755-0155-0439-0464-0376-0571-0733-0343-0209
0373,0051-0962-1354-0750-0458-1546-0971-0203-1007-0958
0374,0535-0341-1196-0094-0325-1507-1540-1026-0495-1385
0375,0461-0558-0569-0938-0613-1197-1307-0221-1029-0709
0376,0755-0372-0155-0936-1275-0031-0638-0502-0647-0219
0377,0488-0556-0567-0989-0551-0564-0307-1320-0553-0565
0378,0423-0518-1319-0234-0937-0459-0605-0810-0453-1039
0379,0192-0288-0554-0566-1439-1536-0864-0295-0801-1179
0380,0959-0963-1255-0970-0978-1172-0228-0615-0877-0975
0381,0393-0089-0095-0771-0078-0804-1001-0817-1060-0904
0382,0768-0056-0098-0509-0826-0005-0501-0105-0580-0519
0383,0024-0543-0542-0400-1119-0656-0571-1154-0148-1271
0384,0657-0911-1171-1103-0404-0920-0917-0912-1264-0454
0385,0389-0501-0949-0829-0115-0116-0883-0369-0578-1407
0386,0888-0572-0789-0600-0104-0761-1201-0354-0032-1096
0387,0975-0785-0040-0354-0070-0788-1301-0970-0959-0241
0388,0512-0653-0507-0120-0503-0557-0568-0898-1009-1199
0389,1470-0232-0385-1430-0742-1165-1129-0560-0527-0369
0390,0859-1204-0663-1205-0016-0776-0047-1299-0751-0790
0391,1517-0671-0030-1204-1245-1005-0699-0638-0904-0922
0392,0175-1500-1509-0289-1287-1332-0680-0696-0217-0345
0393,0947-0946-0953-0685-0381-0845-0078-1276-0632-0764
0394,1127-0161-0011-1349-1465-1529-0894-1104-1110-0195
0395,1137-0242-0881-0266-1352-0593-1106-0023-1133-0829
0396,0400-0384-0090-0831-0648-1020-0281-0630-0878-0720
0397,0182-0823-0485-0027-1368-0659-0702-0078-0559-1103
0398,0358-1120-0493-1261-1471-0174-1087-0451-1061-0399
0399,0172-0127-0218-0357-0694-0247-0345-1016-0000-1338
0400,0396-0238-0090-0495-0078-0805-0024-1119-0383-0182
0401,0467-1372-1038-0628-0169-0171-1436-0255-1309-1331
0402,0413-0416-0415-0424-0414-0408-0409-0411-0420-0422
0403,0792-0804-0575-0920-0911-0404-0657-0912-1020-1135
0404,0418-0410-0419-0417-0917-0426-0912-0911-0916-0913
0405,0074-0332-0541-1280-0936-1275-0094-0978-0968-0969
0406,0410-0426-0417-0917-0404-0418-0977-0419-0913-0911
0407,0409-1015-0411-0408-0424-0420-0917-0916-0426-0402
0408,0414-0420-0415-0416-0424-0413-1015-0409-0422-0407
0409,0411-1015-0407-0917-0420-0408-0424-0419-0916-0915
0410,0417-0418-0404-0419-0426-0917-0911-0916-0406-0913
0411,1015-0409-0424-0420-0413-0407-0416-0404-0419-0917
0412,0993-1366-1450-1140-1452-1149-1283-1429-1196-1151
0413,0416-0424-0415-0420-0414-1015-0422-0408-0402-0404
0414,0415-0408-0424-0413-0416-0420-1015-0402-0422-0409
0415,0416-0413-0414-0424-0420-0408-0422-1015-0402-0411
0416,0413-0424-0415-0420-0414-0422-0408-1015-0402-0404
0417,0410-0404-0418-0419-0426-0917-0911-0916-0972-0913
0418,0419-0404-0410-0417-0917-0426-0912-0913-0911-0916
0419,0418-0404-0410-0417-0426-0917-0912-0409-0913-0919
0420,0424-0416-1015-0415-0413-0408-0414-0422-0411-0409
0421,1242-1409-1323-0013-0137-1368-1343-0739-0796-1090
0422,0415-0420-0416-0413-0424-0408-1015-0414-0402-0407
0423,0378-0937-0518-0318-1319-0234-0204-0389-0459-0845
0424,0413-0416-0415-0420-0414-1015-0411-0422-0408-0404
0425,0647-0048-1018-0949-0967-0050-1312-1069-1116-0268
0426,0410-0418-0404-0917-0419-0417-0912-0913-0916-0911
0427,0010-0153-0156-0286-0427-0457-0561-0746-0795-0836
0428,0429-0111-1111-0947-0950-0413-0415-1161-1254-0416
0429,0428-0947-0111-1017-1412-0269-0828-0879-0950-0245
0430,0257-0789-0126-0539-0935-0857-1167-0706-0778-0355
0431,0922-1005-0853-1378-0504-1450-1366-0067-1561-0938
0432,1155-1176-0384-1175-0773-1125-1141-0592-0048-1248
0433,0435-0629-0339-0337-0926-0031-0894-1537-1567-1037
0434,1203-1217-1127-0195-1541-1517-1431-0130-1238-1403
0435,1553-0433-1115-0658-0629-1361-0339-0337-0910-0348
0436,1445-0935-1280-0981-1146-1225-0530-0649-0119-0918
0437,0774-0731-0851-1237-0431-0481-0253-1177-0864-0918
0438,0087-1271-0660-0452-0835-0844-0662-1449-0048-0791
0439,0209-0343-1276-1285-0483-0219-0140-0069-0837-0060
0440,1087-1365-1042-1373-1364-0142-1104-1110-1527-1152
0441,0318-1065-0621-0953-1054-0076-0949-0480-0470-0476
0442,0364-1019-0525-1210-0809-0190-0687-1225-0436-0182
0443,1491-0909-0133-0926-1452-1562-1330-1179-0627-0472
0444,1022-1047-1550-0452-1480-1063-1453-1051-0114-1350
0445,1002-0089-0686-0076-0777-0904-1003-0790-0766-0771
0446,0402-0915-0912-0419-0967-0917-1059-0418-0409-0411
0447,0513-0524-1174-1109-0680-1144-0770-1166-1087-0587
0448,1557-0291-0154-0727-1312-0812-0469-0854-0002-0385
0449,0179-0600-0347-0785-0700-0970-0975-0788-0070-0552
0450,0497-1344-1001-0632-0334-0470-0084-0953-0792-0609
0451,0484-0709-1261-1470-0199-1430-0939-1151-1003-0398
0452,0856-0871-1380-0865-0669-0081-0997-0607-0639-1297
0453,0955-0033-0655-0941-1273-0944-1276-0102-1094-0560
0454,0657-0384-0473-0831-1099-0912-1210-0404-0419-0496
0455,0384-0911-0053-0403-1044-0111-0491-1024-0071-1017
0456,0877-0347-1544-0343-0980-1023-0000-0359-0017-0760
0457,0010-0153-0156-0286-0427-0457-0561-0746-0795-0836
0458,0360-1495-1301-0466-1007-0586-0590-1546-1354-0888
0459,1132-0234-0378-1527-1173-0460-1373-0001-0729-0423
0460,0589-1114-0960-0594-0228-0866-0464-1219-0459-1018
0461,0375-1029-1030-0569-0558-0901-0273-0989-0744-0551
0462,1313-0263-1202-0560-1129-1374-0740-1131-1124-0619
0463,0905-0833-1067-1481-0357-0349-1498-1401-0362-1390
0464,0372-1018-0887-0997-1012-1389-0235-0055-1416-0281
0465,1545-0001-0872-0519-0740-0501-1012-0759-1252-0469
0466,0971-1546-1354-0857-0059-0051-0976-0360-0355-0888
0467,1257-0552-1263-1171-1109-0401-0791-0754-1331-1534
0468,1364-0494-0743-0174-0828-0647-1151-0122-0949-0814
0469,0613-1076-0513-0235-1087-1185-0311-0328-0448-0369
0470,0497-0476-0500-0953-1001-0071-0947-0775-1344-0621
0471,0608-0925-0103-0113-0954-1277-1126-0112-1184-0933
0472,0789-0959-0688-0857-0069-1046-0386-0059-0922-0218
0473,0912-0416-0404-0413-0419-1542-0454-0424-0422-0924
0474,1546-0975-0387-1301-0179-0785-0857-1101-0873-0070
0475,0277-1481-0331-0338-1379-0033-0761-0013-0715-0178
0476,0470-0497-0621-0953-0764-1344-0794-0084-0318-1001
0477,0492-0178-0291-1469-1505-1426-0231-1052-1225-1158
0478,1282-0661-0277-0412-0993-1208-0146-0648-1033-1337
0479,0206-0772-0300-1474-0914-0473-0912-0717-0956-0346
0480,0483-0318-0332-0470-0060-0031-0441-0321-0874-0033
0481,0764-1344-1204-0774-0961-1002-0965-0977-1135-0763
0482,0701-1101-0776-1518-1269-1096-0902-1568-1191-0761
0483,0480-0439-1276-1145-0209-0140-0944-0794-0033-0069
0484,1089-0451-1138-0679-1169-1220-0072-0646-1282-1222
0485,1257-0863-0210-0182-0397-0931-0224-1449-1215-0452
0486,0923-1124-1131-0377-0488-1031-0028-0266-0903-0989
0487,0631-0542-0421-0670-0115-0116-0441-0719-1261-0861
0488,0488-0556-0567-0989-0551-0564-0307-1320-0553-0565
0489,1119-1318-0636-0996-1402-0631-0312-1010-1213-0910
0490,0755-0726-0813-0573-0580-0094-0482-0586-0578-0177
0491,0918-0592-1506-1538-0455-0920-0408-1560-1231-0168
0492,0477-0291-0178-1469-1505-1369-1225-1426-0231-1052
0493,1307-0684-0398-0024-0923-0450-0861-1147-0095-0783
0494,0743-0174-0705-1089-0468-0687-1168-0630-0647-0517
0495,1507-1540-1351-1026-0182-1393-1521-1378-1247-1509
0496,0411-0409-1056-0804-0912-0659-0407-0145-1015-0419
0497,0470-0500-0476-0775-0947-0953-0839-0946-0450-1001
0498,0307-0553-0565-0709-0388-1158-0551-0564-1437-0239
0499,0636-0777-0874-0790-0853-0625-0621-0760-0347-0436
0500,0497-0098-0470-0108-0215-0704-0559-0053-1103-0827
0501,0519-0385-0504-0001-0577-0100-0214-0934-1091-0465
0502,0510-1543-0790-0522-0615-0363-1274-1255-0777-0970
0503,0503-0557-0568-0898-1009-1218-1293-1199-0252-0287
0504,0727-1192-0303-0830-0431-1225-0819-1017-0436-0318
0505,0305-0798-0578-0825-1463-0822-0585-0180-0591-1406
0506,0317-0605-1429-0059-0888-0115-0116-1435-1143-0606
0507,0120-0503-0557-0568-0898-1009-1218-1293-1199-0252
0508,0513-1425-0886-0273-0376-0640-0154-0814-0909-0651
0509,0679-1094-1135-0830-1375-0630-1003-0885-0001-0451
0510,0502-0735-0706-0514-0854-0580-0482-0102-0615-1005
0511,0344-1560-1312-0717-1125-1141-1399-0208-0477-1233
0512,0653-0507-0120-0503-0557-0568-0898-1009-1199-1218
0513,0447-1035-1264-0273-0508-0524-1425-0666-0469-1109
0514,1090-0571-0517-0578-0520-0017-0370-0808-0695-0580
0515,1462-0042-0466-1517-0133-0365-0046-1564-1338-1566
0516,0799-1130-0789-0582-0690-0573-0386-0354-0788-0586
0517,0520-0370-0514-0578-0655-1090-0571-0955-0033-0932
0518,1319-1132-1549-0010-0153-0156-0286-0427-0457-0561
0519,0501-0577-0385-0465-1365-1527-1545-1097-0001-1373
0520,0517-0370-0514-0033-1276-0655-0955-0578-1090-1336
0521,1566-1510-1267-1554-1568-1036-0348-1323-1325-1565
0522,0260-1260-0502-0357-1284-0179-0064-0354-0176-0776
0523,1099-1438-0873-1484-0179-0700-0735-1493-1498-0774
0524,0817-0579-0080-0587-1264-1109-0592-1170-0021-1171
0525,0442-1215-0473-0773-1210-0052-0049-1310-0384-0190
0526,0228-0425-0637-1491-1116-1286-0012-1306-1039-0366
0527,1399-1411-1476-1115-0389-0504-0244-0848-0353-0303
0528,1108-0175-0779-0139-1219-1539-0984-0007-0022-1137
0529,1470-1430-1353-0784-1359-0239-0698-0759-1297-0369
0530,0436-1403-0649-1508-0246-0935-1371-1418-0291-1280
0531,0639-0284-0849-0281-1015-0413-0967-1168-0916-0366
0532,1428-1541-0815-0028-0138-0221-1177-1474-1321-0874
0533,1476-1411-0137-1463-1069-0300-1273-0247-1462-0541
0534,0633-0218-0070-1569-1172-1226-0370-0655-0173-0876
0535,0374-0618-1318-0641-1273-0597-1275-0936-0439-0482
0536,1382-1496-1240-1511-1384-1409-0259-0290-1026-1490
0537,1485-1506-1538-1422-1448-1397-1331-1534-1370-0229
0538,1425-0273-0685-0692-0610-1329-1327-1363-0893-0990
0539,0355-1177-1154-0063-0888-0789-1260-1354-0778-0360
0540,1254-1447-1472-1240-0229-1504-1242-1436-0536-1382
0541,0405-1475-0094-1476-0726-0340-1537-0895-0123-1385
0542,0618-0606-0383-1572-0487-1543-1448-0361-0212-1139
0543,0383-0967-1259-0692-1015-0414-0424-0420-0024-0415
0544,0904-1157-0391-0016-1474-0657-1245-0638-1027-1075
0545,1092-0925-0103-0645-0950-0720-0607-1426-0444-1446
0546,0655-0241-1372-1080-0275-1279-1309-0799-1250-1396
0547,0548-0562-0563-0549-1444-1544-1168-0770-0339-0337
0548,0562-0547-0563-0549-1168-0770-1444-1544-0584-0366
0549,0563-0548-0562-0547-0704-1461-0637-0736-0621-1108
0550,0317-1436-1245-0030-1331-1534-1530-1492-1210-1263
0551,0564-0714-0553-0565-0989-0239-0821-1158-0377-0488
0552,1481-1526-0449-0700-1473-0703-1263-1255-1040-1498
0553,0565-0551-0564-0324-0714-0239-0989-0377-0488-0307
0554,0566-0295-0951-1434-0379-0784-0698-1322-0118-1008
0555,0792-0804-0496-0575-1544-0783-1060-0691-0155-0199
0556,0567-0377-0488-0307-1320-1014-1180-0118-1008-1430
0557,0503-0557-0568-0898-1009-1218-1293-1199-0252-0287
0558,0569-0388-0714-0820-0239-0512-0653-0252-0287-0350
0559,0402-1020-0827-0411-0424-0915-0912-0416-0404-0413
0560,0263-1347-0389-0462-0370-1261-0786-0453-0514-0356
0561,0010-0153-0156-0286-0427-0457-0561-0746-0795-0836
0562,0562-0547-0563-0549-1168-0770-1444-1544-0584-0366
0563,0549-0548-0562-0547-0704-1461-0637-0736-0621-1108
0564,0564-0714-0553-0565-0989-0239-0821-1158-0377-0488
0565,0565-0551-0564-0324-0714-0239-0989-0377-0488-0307
0566,0566-0295-0951-1434-0379-0784-0698-1322-0118-1008
0567,0567-0377-0488-0307-1320-1014-1180-0118-1008-1430
0568,0503-0557-0568-0898-1009-1218-1293-1199-0252-0287
0569,0558-0388-0714-0820-0239-0512-0653-0252-0287-0350
0570,1171-0581-0587-1103-0575-0021-1170-1264-0404-0417
0571,0808-0514-0578-1090-0219-0077-0755-0592-0694-0349
0572,0586-0593-0591-0590-0574-0578-0580-0573-0582-0585
0573,0585-0582-0590-0593-0586-0574-0572-0580-0591-0688
0574,0591-0585-0572-0586-0590-0573-0582-0688-0128-1546
0575,1170-0021-1171-0592-1103-0570-0817-0579-0403-0791
0576,0018-0917-0915-0409-1245-1500-0672-0446-1046-0317
0577,0584-0696-0919-0915-0924-0920-0419-1506-1538-0917
0578,0572-0694-0571-0218-0697-0695-0963-0017-0590-1546
0579,0524-0817-0592-0080-0587-0808-0021-1109-1170-1264
0580,0593-0586-0572-0697-0695-0573-0582-0590-0585-0578
0581,0587-0570-1264-1171-1103-0817-0524-0215-0080-0021
0582,0573-0585-0586-0593-0590-0574-0572-0785-0580-0368
0583,0573-0370-0578-0490-0585-0593-0063-0520-0517-1281
0584,0577-0696-0711-0576-0147-0555-0924-1239-0879-0673
0585,0573-0582-0574-0586-0572-0590-0593-0591-0580-0689
0586,0590-0572-0582-0593-0580-0574-0573-0591-0788-0585
0587,0581-1264-0570-0817-0579-0524-0080-1171-1109-0021
0588,0311-0328-0738-0117-1184-0925-1376-0756-1037-1150
0589,0594-0343-0354-0460-0070-1088-0372-0095-1495-1101
0590,0586-0572-0573-0591-0574-0582-1546-0689-0585-0387
0591,0572-0574-0590-0586-0128-0573-1546-0789-0578-1495
0592,0579-0575-0817-0524-0808-0571-1170-0080-0587-1171
0593,0580-0572-0586-0573-0582-0697-0695-0585-0590-0578
0594,0589-1088-0354-0070-0766-0343-0778-1101-0762-0159
0595,0954-1277-0675-1368-0157-1196-0884-0188-0228-1331
0596,1190-1069-0820-0639-0696-0424-0113-0662-0057-0049
0597,0303-0665-0244-0629-0658-0906-1371-1248-0031-1532
0598,0790-0671-0777-0003-0354-1424-0888-0179-0700-1298
0599,1400-1102-1244-0031-0629-0312-0676-0028-0143-1232
0600,0449-0970-0104-0347-0979-0040-0628-0220-0683-0975
0601,0709-0306-1067-1143-0161-0779-0646-1222-1112-0343
0602,0287-0350-0602-1082-1085-1302-1433-1032-1084-1413
0603,0229-0848-1532-0048-1474-1069-0621-0290-0860-1501
0604,1087-0513-1374-0432-0666-1185-1487-1217-0180-1445
0605,0641-0304-1474-0022-1289-1421-0640-1034-0199-0785
0606,0671-0623-0891-0755-0735-1492-0888-0706-0349-0873
0607,0610-1055-0630-0925-1021-0871-0211-0281-0856-1271
0608,1336-0361-1567-0163-0718-0910-0618-0339-0374-0927
0609,0656-0096-0497-0080-1011-0075-1170-1171-0660-0183
0610,0607-1055-0630-0925-0856-0871-0049-1021-0281-1022
0611,0946-0947-1448-0775-1001-0861-0866-0621-0953-1397
0612,0622-1181-0348-1140-1371-1394-0157-0143-0163-0305
0613,0469-0271-0375-1098-1360-1065-0385-1054-0949-1069
0614,1468-1076-0181-0191-1166-1365-1527-1373-0723-0440
0615,0790-0777-0766-0778-0822-0888-1065-0762-0349-0638
0616,0103-1294-1014-0118-1008-0698-0784-1434-1143-1156
0617,0354-1149-0000-0387-0129-0128-1284-0017-0241-0628
0618,1275-0936-0658-0655-1213-0520-0439-0535-0361-0715
0619,0620-1346-1294-0668-1222-0646-0949-0146-0462-0116
0620,1346-0619-1294-0668-1222-0646-0146-0949-0116-0115
0621,0476-0050-0764-0623-1045-0791-0636-0076-0060-0843
0622,0612-1181-0348-1140-0143-1371-0157-0305-0935-0163
0623,1445-0621-0735-0606-1005-0682-0643-0182-0321-0634
0624,0655-0483-0618-1343-1318-0499-0365-0033-0135-0753
0625,0499-0811-1167-0894-0813-0636-1213-1154-1138-1204
0626,0744-1376-1030-0569-0558-0184-0194-1186-0723-1079
0627,0643-0799-0069-0439-1445-0209-0725-1452-1276-0772
0628,0586-1122-0788-0241-0003-0320-0347-0128-0574-1495
0629,1567-0244-0910-0178-0439-0895-0309-0597-1273-1355
0630,0281-0639-0426-0410-0411-0409-0911-0607-0702-0917
0631,1458-0487-1572-0843-0480-0666-0811-1136-0033-1253
0632,1107-1001-1344-0209-0095-0219-0792-0640-1200-0450
0633,1345-1172-0083-1543-0700-0209-0615-0070-1206-0218
0634,0190-0702-1020-0559-0967-1548-0623-0659-0915-0473
0635,0694-0219-0837-0089-1001-1285-0691-0060-0209-0906
0636,0499-0792-0874-0621-0552-1285-0334-0218-0089-0559
0637,0121-0229-0634-0284-1506-1538-1171-0704-0245-0049
0638,1285-0777-0099-0083-0060-0615-0065-0082-0790-0881
0639,0531-0284-0856-1022-0630-0281-0570-0410-0417-0916
0640,0155-0102-0219-1344-0099-0837-0095-1001-0794-1107
0641,0655-0640-1213-0799-0517-0955-1345-1275-0936-0374
0642,0173-0097-0053-0629-0112-0147-0400-1449-0884-0892
0643,0016-0627-1066-0774-0623-0735-0881-0067-1445-0391
0644,1553-0520-0633-1336-1075-0655-1230-0658-0517-1414
0645,1176-0408-0420-0416-0409-0402-0415-0413-1015-0424
0646,1222-0024-0620-1346-0619-0161-1294-0115-0116-0949
0647,0652-0874-0791-0961-0965-0911-0977-0096-0851-0916
0648,0403-0396-1020-0402-0912-0446-0704-0804-0576-0657
0649,1447-0436-1239-1508-0210-1047-0621-0246-0182-0537
0650,0938-0326-0146-0864-0851-1197-0863-1470-0431-0897
0651,1094-0862-0453-0571-0508-1166-0191-0181-1463-1045
0652,0647-0638-0656-0025-0071-0911-0404-0946-0919-0791
0653,0653-0507-0120-0503-0557-0568-0898-1009-1199-1218
0654,0388-1148-1549-1032-0010-0153-0156-0286-0427-0457
0655,0658-0641-0955-0520-1273-1285-0517-0033-0624-0618
0656,0609-1344-0660-0947-1171-0659-0403-1111-1109-0953
0657,0384-1020-0403-0911-0454-0155-0281-0559-0704-1059
0658,0655-0618-1345-1371-0143-0331-0338-0715-0597-1414
0659,0496-0406-0804-0404-0411-1204-0915-1212-0025-1245
0660,0050-0791-0656-0422-0190-0609-1170-0961-0965-1015
0661,1368-0413-0416-0790-1033-1002-0015-0277-0682-1324
0662,0696-0559-0408-0570-0915-0409-0411-0997-0919-0916
0663,0040-0387-0069-0963-0209-0970-0713-0832-0466-0875
0664,1274-0283-0680-1456-1551-0591-1403-1368-0197-0223
0665,0597-1492-0160-0169-0157-0816-0231-0935-0216-0183
0666,1087-0631-1072-1527-1373-1365-0513-0826-1175-0533
0667,0674-0629-0644-1068-0910-0654-0112-1152-1150-0710
0668,1294-1092-0619-0620-1346-0191-0181-1043-0146-1018
0669,1550-0997-1063-1380-1051-0315-0319-0452-0870-1022
0670,1532-1409-0647-0914-0920-0639-0226-0911-0570-0672
0671,0888-0179-0681-1526-1040-0449-0003-0354-0873-0598
0672,0409-0411-0915-0967-0917-0919-0419-0408-0404-1015
0673,1196-0241-1286-1535-0963-0837-0140-0918-0003-0970
0674,0667-0787-0715-0618-0593-1275-0936-0608-0953-0580
0675,0595-1176-1337-1259-0081-0432-1368-0384-1522-0863
0676,1400-0756-1104-1110-0599-1315-0654-0064-1295-1300
0677,1165-0232-0311-0328-0820-0784-0154-0118-1008-0698
0678,0369-0645-1073-0729-1310-1012-1508-1176-0738-0186
0679,0231-0934-0517-0160-0376-0520-0641-0608-0002-0157
0680,1228-0392-0037-0693-0916-0664-0283-0696-0298-0495
0681,1438-1495-0857-1546-0671-1484-1518-0873-1489-0077
0682,1005-0623-0454-1368-0473-0217-1021-1548-0182-0733
0683,0785-0449-1546-0275-0703-0761-0590-0177-1301-0788
0684,0685-0075-0946-0781-0636-0861-1017-0493-0221-1021
0685,0684-0393-1055-1001-0632-0450-0781-0075-0953-0219
0686,1095-0331-0338-0349-1065-1481-0853-0069-1286-1123
0687,0111-0414-0420-0384-0442-0856-0415-0281-0424-0416
0688,0690-0689-0959-0040-0963-0697-0574-0975-0590-0573
0689,0690-0688-0590-0697-1401-1246-0695-0573-1130-0694
0690,0689-0688-0697-0694-0129-0590-1286-1145-0683-0959
0691,0711-0783-0694-0095-0771-0792-0099-0787-1001-1344
0692,0125-0720-0634-0132-1021-1022-0124-0685-1055-1063
0693,0704-0819-0121-0739-0967-0672-0175-0496-0018-0845
0694,0219-0711-0209-0766-0578-0778-0765-0762-0697-0077
0695,0697-0711-1145-0580-0694-0963-0593-0578-0905-0069
0696,0577-0584-0914-0920-0662-0403-0911-0924-0783-0080
0697,0695-1145-0689-0580-0694-0578-0690-0593-0586-0703
0698,0784-0118-1008-0295-1014-1029-0556-0567-0324-1234
0699,0851-0463-0391-0879-0671-1508-1245-0217-1511-1378
0700,0070-0179-0449-1016-0703-0387-1484-0888-0873-0868
0701,0128-0776-1101-0482-0040-1489-1495-1122-0354-1401
0702,0630-1103-0634-0021-0190-0831-1020-0384-0659-0916
0703,0360-0700-0857-0070-0888-0340-0051-0697-1286-0785
0704,0404-0418-0916-0917-0912-0419-0410-0175-0426-0417
0705,0174-0743-0494-1089-1150-0923-1120-1314-0436-0024
0706,0776-0510-0902-0009-0735-0482-0606-1280-0502-1474
0707,1135-0497-1043-0470-0783-1020-0053-0403-0659-0076
0708,0129-0979-0959-0964-0074-0968-0969-0958-0975-0578
0709,1143-0369-0307-0759-1333-0556-0567-1430-0451-1014
0710,1225-1400-0814-0779-0879-0183-0193-0364-1435-1443
0711,0695-0762-0694-0766-0765-0778-0780-0837-0691-0697
0712,1121-1283-1249-0140-0368-0516-0092-0129-0799-0179
0713,0663-0040-0357-0387-0833-0241-0129-0964-0074-0875
0714,0239-0989-0512-0653-0388-0507-0252-0287-0350-0602
0715,0331-0338-0700-1276-0140-1379-0325-0063-0000-1467
0716,0759-0159-0810-1129-0369-0389-0800-1014-0103-1359
0717,1336-1555-1052-0750-1463-0123-1494-1270-1083-0708
0718,1356-0140-1295-0822-0608-0456-0262-0231-0172-0198
0719,0229-1395-0891-1381-1397-1254-1171-0259-1065-0048
0720,1022-0281-0871-1055-0672-0049-0692-0446-0396-0865
0721,1463-1424-1280-1429-0812-0189-1447-1369-1371-0803
0722,0806-0369-1150-0709-1087-0385-0933-0442-1333-0471
0723,0872-1186-0867-1144-0626-1174-1375-0265-0930-0899
0724,1104-1110-0756-0330-0336-0827-0704-0880-0134-0267
0725,1298-0793-0789-0017-1354-0825-1098-0627-1406-0045
0726,0241-1568-1438-1269-0158-1518-1339-1080-0490-1510
0727,0504-0134-1192-1323-1551-1252-1151-1386-1235-0719
0728,0158-0320-1568-1267-1554-1341-1005-1276-1339-0922
0729,0019-1223-1208-0425-0459-0678-1545-0759-1437-0281
0730,0846-0824-0831-0438-0865-0986-0702-0997-1021-0109
0731,1276-0980-1357-0636-0799-0908-1553-0991-1351-0499
0732,0751-0733-0762-0765-0766-0778-0711-0837-0219-0764
0733,0732-0755-0751-0219-1269-0077-1325-0764-0694-1191
0734,1336-1304-1305-1431-0815-1115-1300-1098-0532-0520
0735,1498-1269-1095-1005-0331-0338-0761-1325-1484-1191
0736,0931-0914-0259-0911-0915-0025-0920-1240-0536-1382
0737,1221-0213-0608-1219-0738-0425-1048-1235-0361-0045
0738,1165-0756-0588-0162-1078-0737-0358-1221-0369-1037
0739,1312-0704-0693-0175-0500-1010-0173-0217-0402-0559
0740,0462-0103-0616-1545-0709-0465-1014-0551-0564-0529
0741,1546-1354-1495-0975-1484-0198-0617-0063-1016-0873
0742,1165-0389-1470-0938-1430-0981-0115-1197-0116-0311
0743,0494-0174-0705-1089-0468-1150-0687-1476-0986-0514
0744,1029-0626-1223-0556-0567-0829-1134-0461-1034-1231
0745,0855-1320-0377-0488-0205-1124-1131-1158-0556-0567
0746,0010-0153-0156-0286-0427-0457-0561-0746-0795-0836
0747,0803-0274-0888-0741-0035-0123-0578-0788-0789-1349
0748,0641-1417-0494-0952-0945-0923-0310-0327-0176-0366
0749,1165-0396-0217-1184-0495-1548-1037-1412-0442-0756
0750,0123-0373-0045-0803-0136-0137-0387-1106-0713-0359
0751,0732-0694-0733-0209-0778-0765-0766-1390-0711-0340
0752,0591-0527-0903-0825-1259-0086-1476-1047-1209-0556
0753,0179-1016-0572-0700-0959-0578-0218-0070-1315-0873
0754,0905-0697-1283-1077-0695-1145-1390-1287-1332-1286
0755,0733-0694-0761-0571-0077-0219-0349-1325-0578-0580
0756,0004-0473-0738-0724-0617-1335-1192-0374-0753-1149
0757,0647-0096-0948-0702-0843-0005-1399-0660-0631-0384
0758,0466-1016-0365-0360-0859-0355-0857-1354-0218-0036
0759,0709-0369-0716-1143-0189-0529-1091-0117-0810-0043
0760,1269-0873-1489-1481-1518-1498-1325-1379-1495-1438
0761,0873-0323-0083-1498-1438-0325-1396-1518-0347-0474
0762,0766-0778-0765-0711-0764-0694-1054-0837-0780-1065
0763,0769-0783-1200-0787-0764-1202-0580-1344-0792-0095
0764,0762-0766-0765-1344-0060-0711-0476-0778-0837-0839
0765,0766-0762-0778-0711-0694-1260-0837-0764-0857-1062
0766,0762-0778-0765-0711-0694-0837-0780-0970-0764-1054
0767,0786-0768-0769-0763-1090-0560-1173-0270-0885-1347
0768,0786-0767-0769-0885-0382-0901-1090-0763-0090-0560
0769,0763-0783-1200-0095-0787-0953-0792-0764-0691-0580
0770,0804-0407-1135-0916-0409-0915-1015-0316-0917-0411
0771,0787-0775-0065-0792-0691-1002-1153-0095-1001-1200
0772,1071-0479-0627-0042-0908-0046-0133-0187-0954-1277
0773,0791-0183-0193-0961-0965-0957-0972-0977-0404-0419
0774,1438-1099-1518-0323-0681-0764-1269-1489-1561-0523
0775,0771-0078-0781-0497-0065-0787-1153-0470-0953-0946
0776,1101-0701-1096-0179-1260-0070-0009-0963-0354-0761
0777,0790-0615-0638-0778-0765-1172-0766-0598-1258-1005
0778,0766-0762-0765-0970-0694-0711-0837-0857-0780-0349
0779,1108-0139-0007-0528-1137-0175-1539-0710-0121-0702
0780,0766-0711-0778-0762-0765-0695-0794-0000-1258-0694
0781,0775-0080-1264-0609-0946-1020-0685-0947-0053-0684
0782,1256-0467-0839-0215-0045-0957-0510-0618-0497-0775
0783,0763-0769-0792-1200-0691-0095-0804-1202-0787-1344
0784,0698-0118-1008-0295-1014-1029-0556-0567-0324-1234
0785,1546-0788-0683-0387-0449-1498-0474-0275-0582-1040
0786,0767-0768-0769-0763-1090-0560-0885-1173-1347-0500
0787,0771-0095-0065-1200-1153-0775-0783-1107-0099-0691
0788,0785-1546-0387-1016-0586-0040-0975-0083-0449-0628
0789,0888-0857-1096-1546-0591-0355-0104-1101-0128-0040
0790,0777-0598-0765-0778-0615-0825-1172-0040-0688-0766
0791,0773-0183-0193-0050-1171-0021-1170-0866-0961-0575
0792,0804-1200-0794-0783-0403-1001-1344-1060-0095-0953
0793,1406-0798-0832-0725-1298-0959-0162-1110-1104-1315
0794,0792-0711-1276-0955-1344-0944-0060-1145-1001-0140
0795,0010-0153-0156-0286-0427-0457-0561-0746-0795-0836
0796,1371-1456-1553-0303-1343-1342-0980-0320-1181-0713
0797,1310-1245-0060-0363-1285-1086-1404-0794-0691-0922
0798,1406-0803-0793-0257-0976-0979-0962-0959-0974-0971
0799,0516-0761-0283-0063-1130-0325-0323-1396-1201-0264
0800,1463-1182-0332-0137-0308-0360-1106-0629-0717-0716
0801,1333-1480-1120-0931-1263-1116-1077-1517-1552-0891
0802,1466-1204-1412-1310-1247-1215-0751-0732-0839-1285
0803,0798-0039-1214-1216-0590-1167-0747-0789-1016-0750
0804,0792-0770-0403-0783-0496-0915-1020-0704-0912-0917
0805,1002-1384-0878-1388-0659-1005-0182-0473-1020-1146
0806,0722-0369-0571-0864-1333-1306-0539-0347-0808-0306
0807,0794-0084-0065-1172-1105-1213-0854-1204-0655-1075
0808,0571-0579-0592-0524-0514-0817-0080-0048-1109-1170
0809,1125-1141-0048-0442-0170-0874-0919-0647-0217-0021
0810,0940-0716-1319-0839-1202-0518-0846-0759-0593-0378
0811,0625-0047-1517-0684-1292-0631-0212-0636-0089-0042
0812,0180-1244-1306-0332-0721-0036-1537-0725-0035-0257
0813,0578-0490-0034-0590-1106-1546-0617-0003-0128-0354
0814,0710-0866-0468-0623-0476-1335-1400-1535-0068-0843
0815,0371-1308-0734-0479-0532-1098-1468-1461-0717-1336
0816,0345-0216-0762-1345-0665-0294-1535-0766-1511-0694
0817,0524-0080-0579-0592-0587-1264-1109-1171-1170-0575
0818,0214-1408-0756-0886-1119-0312-1290-1038-1037-0064
0819,1020-0693-1225-0402-0215-0559-0915-0424-0912-0967
0820,0558-0569-0551-0564-1223-1207-0999-0596-0184-0194
0821,0989-0239-0714-0551-0564-0388-0377-0488-0512-0653
0822,1016-0615-0359-0198-0628-0859-1546-0082-0975-1224
0823,0397-0656-0993-0949-0412-0238-0446-1323-1256-0721
0824,0846-0211-0871-0057-0609-0634-0630-0411-1460-0190
0825,0790-0688-0063-0591-0009-0959-0179-0789-1546-0574
0826,0656-0068-0666-0852-1308-0960-0384-0869-0143-1109
0827,0559-0215-0804-1390-1467-0404-0915-0406-0920-0426
0828,0210-0119-1037-0436-1188-0067-1146-0495-0429-1263
0829,0142-0385-0161-1184-0090-0434-1217-0744-1503-0114
0830,0504-0204-0733-0481-1153-1172-0764-1004-0331-0338
0831,0559-0454-1005-0913-0396-0702-0211-0217-0404-0067
0832,0909-0875-0166-0203-0040-0859-0964-1216-1298-0979
0833,0040-0868-0463-1401-0859-0357-1390-1260-0963-0970
0834,0621-0204-0145-0053-0476-0048-0113-0470-0843-1172
0835,0925-0660-0438-0870-0883-0610-0403-1446-1265-0575
0836,0010-0153-0156-0286-0427-0457-0561-0746-0795-0836
0837,0778-0766-0765-0711-0963-0762-0140-1285-0970-0069
0838,0720-0824-0846-0581-0672-1033-1019-0587-0865-0505
0839,1170-0050-0764-0497-1011-1344-0957-0640-0961-0953
0840,0301-0308-1230-1115-0435-1303-0309-1415-0927-0608
0841,0640-1537-0029-0635-0445-1025-0011-1149-0812-0351
0842,1389-1187-0258-1331-1534-1500-1384-1055-1490-1496
0843,0953-0947-0621-0839-0946-0497-0656-0480-0775-0050
0844,1011-0050-0660-0791-0438-1245-1309-0109-0656-1022
0845,0953-0946-0393-1276-0754-1011-0497-0071-0775-0947
0846,0824-0467-0211-0634-0244-1147-1264-0871-1248-1508
0847,0942-1266-1289-1466-1251-0142-1464-0441-0046-0292
0848,0603-0607-1571-1051-0885-0925-1501-0221-1504-0610
0849,0281-0952-0531-1175-0639-0871-0284-0026-1176-1042
0850,0861-0854-0473-0611-0634-0791-1271-0021-0575-0947
0851,0874-0911-0067-1161-0699-1210-0920-0211-0404-0417
0852,1264-0052-0581-1208-1171-1525-0384-1103-0781-1017
0853,1379-1489-0331-0338-1481-0695-0067-1473-0017-0082
0854,0861-0510-1054-0850-1172-0089-0044-0733-1399-0096
0855,0745-0553-0565-1329-0903-1320-1129-0117-0820-0556
0856,0639-0452-0284-0190-0610-0687-1022-0997-0607-0630
0857,0051-0070-1354-0975-0040-0976-0888-0032-0859-1546
0858,0340-0074-0359-0976-1495-0059-0978-0017-0975-0859
0859,0082-0868-0220-0359-0889-0040-1167-0857-0387-0083
0860,1021-0049-0621-1511-0211-1257-1548-1404-0607-1190
0861,0850-0854-0611-0684-1120-0493-0947-1248-0685-0113
0862,1161-0770-1210-0002-0809-0366-1125-1141-0851-0348
0863,1469-0931-0699-0485-1542-1378-0155-0245-0473-1368
0864,1418-1390-1571-0129-1272-1286-1401-0833-1260-0083
0865,1022-0090-1021-0559-0992-0446-0988-0452-1010-0211
0866,0791-1248-0537-0244-0611-0953-1370-1325-1510-0050
0867,0041-1352-1174-0723-0280-0893-1375-0123-0814-1073
0868,0859-0040-0833-1172-0857-1260-0970-0070-0700-0082
0869,0630-0182-1188-0267-1240-0656-0495-0384-1026-0087
0870,1051-1063-0575-0669-1100-1093-1061-0835-1271-0334
0871,0281-1022-0720-1397-0284-0575-0607-0849-0452-0639
0872,1437-0723-0512-0653-0507-0120-0503-0557-0568-0898
0873,1484-0761-0760-0905-0700-1401-1269-0179-1419-0474
0874,0851-1146-1210-1188-0647-0004-0636-0499-0096-0621
0875,0832-0868-0040-0833-0859-0220-0663-0909-0889-0069
0876,0889-0340-0218-0765-0126-1258-0070-0837-0209-1285
0877,0070-0876-1473-0700-0456-0063-0889-0715-0179-1023
0878,0915-1002-1548-1019-0920-0215-0827-0736-0805-1146
0879,0699-1421-1225-1266-0155-0891-0279-0199-1381-1310
0880,0892-0884-1257-0559-1052-0827-0217-0724-1341-0831
0881,1065-1054-1489-0209-1379-1177-1123-1481-0686-0617
0882,0890-1373-1223-1365-1527-1499-0263-0154-0722-0148
0883,1492-1255-0575-1249-0279-1105-1474-0030-0003-1448
0884,0880-0892-0190-1368-0595-0044-0442-0396-0739-0121
0885,0149-0281-0696-1307-0871-0353-0577-0848-0266-0584
0886,0349-1269-1267-1554-1095-1286-0325-1065-1054-0323
0887,0125-0132-0078-1020-1022-0704-0396-0190-0657-0865
0888,0070-0671-0355-0857-0179-0789-0051-0360-0387-0975
0889,0876-0859-0894-0888-0703-0070-0700-0340-0166-0868
0890,0882-1373-1365-1527-1223-1499-0263-0154-0385-0148
0891,1287-1332-1395-0873-1038-0255-1526-1472-1245-1511
0892,0880-0884-1257-0559-0827-1052-0217-0831-1341-1368
0893,0990-1361-0053-1556-0867-0588-0660-1010-0123-1030
0894,0889-0032-0832-0876-1301-0264-0218-0909-0166-0741
0895,1475-0274-1136-0629-0036-0514-1476-0341-0726-0517
0896,0010-0153-0156-0286-0427-0457-0561-0746-0795-0836
0897,0001-0075-0470-1420-0497-0845-1571-1543-1179-1418
0898,0503-0557-0568-0898-1009-1218-1293-1199-0252-0287
0899,1117-0195-1238-0261-1057-1064-1192-0142-0806-0723
0900,0010-0153-0156-0286-0427-0457-0561-0746-0795-0836
0901,1028-0461-0105-0768-0654-0403-0187-1347-0949-1348
0902,1401-1101-0463-1390-0776-1276-0482-1067-1481-1260
0903,0855-0324-1143-0752-0486-0553-0565-1158-0478-0709
0904,1002-0777-0445-0790-0598-1005-1204-0544-0391-1149
0905,0463-0590-0873-0695-1065-0963-1067-0788-1481-1473
0906,1038-1242-1504-1443-1436-1309-1381-0155-0219-1254
0907,0956-1264-0073-1196-1351-0215-0665-1360-0002-1459
0908,0199-0699-0879-0731-0883-1453-1202-1125-1141-0918
0909,0832-1298-0859-0359-0040-0220-0083-0868-0264-0166
0910,1328-0348-0629-1140-0157-0927-0305-1181-1355-1567
0911,0917-0404-0913-0914-0410-0418-0919-0417-0426-0912
0912,0404-0426-0917-0418-0419-0913-0916-0911-0424-0410
0913,0917-0911-0426-0914-0404-0418-0912-0410-0419-0920
0914,0920-0911-0917-0913-0404-0915-0418-0918-0426-0924
0915,0917-0914-0418-0409-0419-0426-0913-0912-0924-0404
0916,0404-0426-0410-0917-0418-0912-1015-0409-0417-0911
0917,0404-0911-0418-0410-0426-0913-0419-0912-0417-0914
0918,0920-0914-0924-0915-0913-0917-0911-0404-0919-0418
0919,0911-0917-0418-0419-0913-0410-0417-0404-0914-0920
0920,0914-0918-0911-0913-0917-0919-0404-0418-0419-0426
0921,1477-1355-0185-0348-0285-1300-0927-0655-1115-0622
0922,0449-0067-0176-1123-1045-0970-1493-0354-1005-0982
0923,0174-0493-0705-1150-1307-0486-1143-0369-0266-0307
0924,0914-0918-0915-0913-0920-0418-0917-0404-0417-0911
0925,0607-0610-1184-0835-1092-0630-1570-0545-0090-0988
0926,1371-1476-0172-0597-0093-0433-0443-1414-0163-0031
0927,0932-1355-0348-1477-0910-0517-0157-1181-0608-1328
0928,1023-1465-0522-1037-0176-1408-1194-1555-0045-0813
0929,0920-0406-0914-0919-1248-0913-0911-0972-0965-0957
0930,0234-0518-0951-0723-0872-1129-1051-0280-0378-1093
0931,0736-0255-1331-1534-0912-1496-0659-1517-1492-1508
0932,0927-0348-0517-0520-0655-1477-1355-1485-0955-0641
0933,1037-0370-0769-0743-0722-0705-0130-0471-1333-0763
0934,1230-0135-0160-0141-0332-1336-0679-0337-1238-0339
0935,0094-0936-1275-0347-0436-1276-0129-0160-0600-0955
0936,1275-0094-1398-0935-0618-0275-1080-1401-0207-1568
0937,0423-1333-0378-1327-1363-0747-0560-1033-0907-1087
0938,1197-1375-0375-0431-0326-0742-0650-0389-1143-0187
0939,0262-0234-1205-0047-0451-0006-0736-0753-1315-1243
0940,1174-0810-0558-0569-1319-0560-0654-1033-0322-0356
0941,0944-0955-1276-0794-0694-0063-0060-0209-1145-0169
0942,1452-0935-0330-0336-0441-1275-0936-1252-0847-1312
0943,0134-1087-0105-1091-1356-0209-0477-0492-0727-0663
0944,0941-1276-0955-0794-1145-0483-0140-0694-0060-0169
0945,1245-1501-1524-0259-1473-1240-0891-1467-1496-1511
0946,0947-0953-0393-0948-0497-0611-0764-0071-0775-0845
0947,0946-0953-0948-0393-0497-0470-0611-1017-0843-0656
0948,0947-0946-0967-0414-0190-0424-1015-1337-0408-0630
0949,0441-0425-0619-0385-0620-1346-0823-1069-0646-1222
0950,0428-0429-0545-0142-0805-0540-1042-0440-0441-0960
0951,1434-0263-0554-0566-0020-1185-1129-0288-0930-1124
0952,0849-0048-1264-0096-0630-0948-1337-0581-1175-0428
0953,0946-0947-0084-0792-0476-0071-1001-0497-0470-0843
0954,1277-0595-1083-0657-0030-1263-0061-1149-1225-0809
0955,1276-0941-0944-0794-0127-0694-0140-0063-1145-0655
0956,0907-1542-0479-0929-1322-1351-0828-0871-0364-0366
0957,0961-0965-0977-0972-0057-0920-0406-0911-0918-0913
0958,0968-0969-0975-0979-0966-0964-0973-0976-0978-0962
0959,0978-0963-0974-0970-0973-0979-0975-0976-0968-0969
0960,0055-1525-0079-0460-0026-0313-0316-0950-1310-1219
0961,0965-0977-0972-0957-0057-0410-0417-0917-0911-0419
0962,0966-0976-0051-0958-0971-0968-0969-0964-0979-0074
0963,0970-0978-0959-0974-0051-0976-0964-0968-0969-0975
0964,0968-0969-0979-0973-0976-0958-0966-0978-0975-0974
0965,0961-0977-0972-0957-0057-0410-0417-0917-0911-0406
0966,0962-0958-0964-0973-0968-0969-0979-0978-0974-0976
0967,0419-0418-0424-0420-1015-0404-0411-0410-0912-0414
0968,0969-0958-0964-0973-0978-0976-0979-0975-0966-0970
0969,0969-0958-0964-0973-0978-0976-0979-0975-0966-0970
0970,0963-0978-0051-0959-0968-0969-0974-0958-0964-0975
0971,0976-0051-0074-0059-0962-0974-0973-0978-0975-1354
0972,0057-0965-0977-0961-0410-0417-0917-0911-0404-0418
0973,0964-0968-0969-0978-0979-0958-0976-0966-0974-0959
0974,0978-0959-0963-0973-0979-0964-0970-0966-0968-0969
0975,0976-0958-0979-0968-0969-0964-0051-0959-0963-0973
0976,0975-0051-0971-0968-0969-0964-0074-0958-0979-0973
0977,0965-0961-0972-0057-0410-0417-0957-0917-0406-0911
0978,0963-0968-0969-0974-0973-0959-0970-0964-0051-0976
0979,0964-0975-0958-0968-0969-0973-0976-0974-0959-0966
0980,0303-0228-1553-0456-1075-1119-0731-1528-1415-1296
0981,0436-0246-0615-1564-0777-0502-1281-1445-0790-0472
0982,0449-0888-1122-0179-0970-0104-0275-0959-0552-0868
0983,0135-1239-0337-0157-0339-0031-0934-1488-0178-1291
0984,0055-1021-0528-0026-1219-0284-0397-0426-0997-0639
0985,0991-0638-1113-0138-0655-1213-0168-1491-0093-1566
0986,0219-0034-0647-1573-0289-0376-0851-0578-0874-0096
0987,1543-0016-0320-0391-0522-1490-1105-1122-1245-0061
0988,0992-0865-1208-0090-1021-0124-0213-0925-0212-1469
0989,0239-0821-0714-0551-0564-0512-0653-0252-0287-0350
0990,1030-1319-0893-1557-0422-1437-0576-0553-0565-0692
0991,0985-0168-1213-0365-0731-0638-0799-1113-0908-0655
0992,0988-0865-1208-0090-1021-0124-0213-0925-0212-1337
0993,0412-1366-1450-1140-1283-1452-1151-1429-1097-1149
0994,1058-1018-1208-0639-0276-1176-1168-0393-0704-1012
0995,0243-0597-0629-1491-0935-1239-0436-0635-0505-1562
0996,0657-0761-1529-0454-1504-1447-0219-1515-1395-0365
0997,0669-1021-1550-0856-0662-0452-0687-1206-0696-0464
0998,0010-0153-0156-0286-0427-0457-0561-0746-0795-0836
0999,0113-0820-1207-1170-0742-1048-1470-0119-1234-0468
1000,0009-0130-0556-0567-1096-1352-0345-0868-1301-0612
1001,1107-1344-0632-0219-0792-0794-0050-1200-1153-0694
1002,0445-1005-0771-0904-0878-0076-1024-0777-1025-0089
1003,0711-0762-0766-0445-0792-0095-0695-1002-0778-0099
1004,0266-0504-1565-0830-0745-1129-1253-1113-1398-0097
1005,0735-0853-1285-1002-0777-0076-0209-1263-0331-0338
1006,0147-0576-0577-1119-0034-0593-0864-0584-0741-0235
1007,0387-0474-0859-0354-0257-0788-1016-0083-0104-0832
1008,1008-0698-0784-0295-1014-1029-0556-0567-1430-0324
1009,0503-0557-0568-0898-1009-1218-1293-1199-0252-0287
1010,0053-1264-1020-0947-0215-0384-0570-0559-0948-0402
1011,1109-0021-0050-0080-0839-0817-0961-1171-0972-0965
1012,0704-0049-0917-0924-0915-0276-0912-0413-1324-0416
1013,0010-0153-0156-0286-0427-0457-0561-0746-0795-0836
1014,0118-1008-0556-0567-0698-0784-1430-1558-1470-1434
1015,0420-0411-0424-0409-0413-0416-0415-0408-0414-0407
1016,0975-0788-0700-0959-0354-0857-0070-0979-0976-0222
1017,0947-0075-0575-0334-1171-0660-0080-0946-0817-0592
1018,0994-1058-0464-0647-0425-1168-0687-0656-0276-0668
1019,0008-0878-0851-0215-0057-0442-0920-0417-0173-0426
1020,0559-0657-0403-0281-0804-0411-0792-0190-0912-0407
1021,0090-0865-0997-0607-0559-1525-0984-0702-1022-0211
1022,0639-0720-0871-0865-0281-0444-0887-1550-0027-1021
1023,0877-0456-0305-1181-1379-0760-0928-1473-1255-1249
1024,1002-0780-0219-0765-0318-0777-1344-1489-0711-1005
1025,1002-1005-0334-1517-0391-1493-0119-0085-1220-0289
1026,1393-1521-1240-1496-1509-0259-0290-1490-0536-1382
1027,1247-0030-0037-1212-0175-1509-1331-1534-0544-0904
1028,1552-0901-0654-0326-0902-1476-1115-0467-1007-1257
1029,0295-0784-0698-0118-1008-0288-1434-0744-1180-1430
1030,0990-0322-0356-1319-0107-0461-0626-1437-0282-0388
1031,1459-0028-0374-0179-1238-1351-0706-1484-1423-1211
1032,1148-0252-0287-0350-0602-1074-1082-1084-1085-1302
1033,0118-1008-0698-0784-1120-0661-1359-1297-1165-0324
1034,1188-1524-0304-1421-1467-1362-0294-1573-0289-1535
1035,1109-0332-0513-0178-0708-1300-0578-1304-0160-1098
1036,0868-0069-1016-0833-0047-0859-1172-0065-1565-1062
1037,1184-0828-0161-1188-0952-0933-0433-0495-0171-1436
1038,0906-1242-1436-1504-1443-1254-1381-1472-0891-1245
1039,0204-1327-1363-1120-1393-1521-1261-0398-0640-1344
1040,0785-1498-0671-0888-0360-1481-1249-0552-0189-1420
1041,0630-0817-0559-1219-0080-0719-0575-1170-0022-0827
1042,0849-0645-0687-0892-0081-0997-0442-0440-0281-1125
1043,0168-0707-0648-1294-0668-1092-0657-0637-0150-0633
1044,1149-1568-1571-1263-1401-1269-1080-0067-1255-0686
1045,0347-0349-0695-0694-0089-0922-0209-0158-0060-0578
1046,1546-0975-0474-0970-0857-0976-0040-1123-0051-0387
1047,0157-0217-0119-0621-0169-0182-0444-0649-0442-0401
1048,0089-1047-0944-1094-0272-0181-0191-1539-0737-0941
1049,1282-0677-1163-1313-1047-1143-1160-1129-1146-0737
1050,0848-0611-0102-0048-0436-0797-0874-0742-0660-0592
1051,1063-0870-0669-0481-0848-0865-1380-0856-1169-0444
1052,0880-0559-0892-0717-0739-0920-0477-0492-0884-0357
1053,0451-0113-0105-1289-1434-0268-0777-1045-0349-1054
1054,1065-0762-0349-0766-0209-0778-0060-0765-0069-1286
1055,0610-0281-0607-0720-1020-0685-0630-1022-0842-1021
1056,0496-0914-0659-0912-0419-0911-0804-0145-0917-0403
1057,1064-1422-0830-0899-0885-1485-1307-1073-0229-1067
1058,0994-1018-1208-0639-0276-1176-1168-0393-1012-0704
1059,0278-0345-0446-0657-1385-0362-0402-0918-0559-1510
1060,0792-0095-0318-0691-0003-0711-1344-0694-0099-0804
1061,1045-0483-0817-0691-0524-0711-0321-0660-0080-0480
1062,0765-0069-0778-0686-0695-0970-0837-1065-0766-0762
1063,1051-0870-0669-1380-0692-1022-0444-0544-1169-0856
1064,1064-1422-0830-0899-0885-1485-1307-1073-0229-1067
1065,1054-0778-0905-0349-0762-0766-0686-1286-0765-0023
1066,1366-1450-0224-0260-1054-1491-1005-0735-0069-1445
1067,1191-1464-1269-1526-1379-1489-0323-1325-1561-1481
1068,1497-1252-0046-1504-1384-1532-1292-1144-1528-0736
1069,1190-0596-0271-0238-1171-0609-0603-0533-0425-0113
1070,0510-1097-0159-1174-0491-0502-0317-1025-0961-1200
1071,1370-0772-0495-0031-1246-0034-0755-0672-0135-0580
1072,0666-0088-0237-1006-1087-1166-0001-0107-0627-0519
1073,0434-0041-1014-0369-0891-0513-0678-0577-0225-0867
1074,0010-0153-0156-0286-0427-0457-0561-0746-0795-0836
1075,0644-0633-0980-1312-0047-0502-0663-0712-1553-0638
1076,0469-1221-0513-0440-0197-0223-0614-1087-0940-1373
1077,0040-0754-0741-1260-1287-1332-0788-0128-0832-0701
1078,1268-0832-1335-1224-0064-1315-1105-1299-0047-0738
1079,1186-0270-1523-0234-0626-1261-0989-0821-0723-1207
1080,1269-1554-1267-1561-1518-1568-1438-1484-1510-1420
1081,1298-1406-0573-0671-0832-0833-0974-1016-0283-0083
1082,0287-0350-0602-1082-1085-1302-1433-1032-1084-1413
1083,0954-1277-0346-1115-0138-1179-0061-1274-0047-0725
1084,0252-0287-0350-0602-1032-1074-1082-1085-1302-1433
1085,0287-0350-0602-1082-1085-1302-1433-1032-1084-1413
1086,1125-1141-1210-1506-1538-1160-1245-1247-0797-0883
1087,1527-1365-1373-0666-0440-0514-1175-0943-0604-0398
1088,0761-1438-0354-0449-0070-0083-1495-0069-0077-0345
1089,0743-0494-0705-0174-0484-0731-1364-1282-0664-0938
1090,0514-0571-0017-0578-0697-0695-1145-0517-0520-0968
1091,0943-0759-0501-1120-1373-1527-1365-0088-0810-1533
1092,0668-0545-0925-0188-1294-1446-1043-0630-1238-0146
1093,1100-0870-1289-0152-0518-1120-1261-0835-0398-0527
1094,0651-0181-0191-0770-0453-0509-1048-0862-0570-0098
1095,0077-0686-0349-0069-0735-1080-0070-0700-0354-0331
1096,0009-1101-0776-0354-0789-1201-0778-0765-0766-1260
1097,0376-0993-0517-0372-0644-0412-1070-0679-0934-0374
1098,0671-0578-1106-1016-0123-0799-0975-0966-0958-0760
1099,0523-0873-0003-0150-1568-0362-0774-1420-1269-1498
1100,1100-0870-1289-0152-0518-1120-1261-0835-0398-0527
1101,0776-1096-0354-0959-0070-0387-0975-0701-0009-1201
1102,0031-1417-1002-0259-1025-1139-1220-0606-1473-1493
1103,1170-1171-0021-0570-0575-1264-0048-0587-0581-0817
1104,1110-0359-1315-0000-0218-0140-1149-0894-0959-1298
1105,0275-1287-1332-1492-1498-0761-1149-1481-1489-1245
1106,0189-1260-0617-1098-1284-0578-1177-0813-0458-0032
1107,1001-0632-1344-0219-0095-0792-1153-0787-1200-0065
1108,0139-0528-0007-0779-0121-0175-1137-0261-1161-0022
1109,0080-0817-1171-0524-0021-0579-0587-1170-1264-1011
1110,1110-0359-1315-0000-0218-0140-1149-0894-0959-1298
1111,1512-0240-1454-1559-0225-1460-1324-1388-0258-1449
1112,1447-1254-1392-1067-1462-1472-1211-0540-1098-1325
1113,1196-1566-1338-1372-1318-1498-0985-0341-1044-1484
1114,0088-0460-0261-0081-1265-0696-1271-1525-0856-0284
1115,1476-0435-1477-1083-1336-1358-1308-0658-0527-0143
1116,1333-0801-0425-1480-1306-1043-0526-1077-0261-0272
1117,0209-1316-1149-0663-1238-0655-1066-1366-1450-1354
1118,0501-1342-1336-1402-0245-1477-0214-0934-0428-1253
1119,1500-0258-1287-1332-1410-1292-0225-1177-1409-1385
1120,1359-0398-1289-0861-0801-1033-1261-0432-0705-0174
1121,0712-0279-1214-1136-0168-1283-0004-0374-1250-1351
1122,1249-1404-1390-1498-1385-1401-1418-0628-1489-0982
1123,0241-0686-0040-1046-1286-1390-0970-0853-0695-1524
1124,1131-1165-1434-1558-0307-0556-0567-0745-0324-1143
1125,1141-0199-0809-0067-1210-1506-1538-1086-0025-0279
1126,0301-0433-0471-1452-0793-0725-0848-0352-0160-0768
1127,0394-0434-0130-1251-0161-1313-0560-0518-0829-1557
1128,1149-1098-1161-0057-0874-1173-0475-1225-0799-0894
1129,1185-0311-0328-1165-0389-0716-0020-0462-0951-0105
1130,0688-0689-0573-0690-0683-0516-0799-0785-0888-0275
1131,1131-1165-1434-1558-0307-0556-0567-0745-0324-1143
1132,0518-0020-0005-0459-0130-1317-1513-1129-1319-0043
1133,0807-0237-0885-1272-0830-0395-0084-0036-1004-0933
1134,1252-0408-0414-1223-0415-0744-0782-0407-0885-0419
1135,1202-0402-0770-0403-0783-0916-1176-0409-0407-0707
1136,0895-1214-1488-0578-1110-1104-0033-1149-1121-0878
1137,0175-1108-0779-0025-0528-0704-0139-0395-0500-0914
1138,0072-0069-0837-0155-1285-0483-0638-0099-0803-0876
1139,0361-0552-1495-1423-1102-0600-0905-1390-0482-0360
1140,1149-0910-1371-0348-0157-0771-0686-0993-0622-0412
1141,1141-0199-0809-0067-1210-1506-1538-1086-0025-0279
1142,1315-1406-0725-1216-1298-0505-1136-0888-0909-0305
1143,0709-0369-1333-1282-0117-1197-0759-0307-1131-1124
1144,1088-0765-1537-0751-0449-0151-0502-0033-1080-1544
1145,0695-0070-0697-0963-0017-0069-0694-0099-0959-1260
1146,1210-0874-1188-0436-1160-0384-0473-0182-1034-0878
1147,1160-0367-1568-1510-0244-0846-1276-0686-1477-1341
1148,1032-0010-0153-0156-0286-0427-0457-0561-0746-0795
1149,1044-0617-1524-1390-0179-0357-0241-1260-0963-0275
1150,0760-0828-0119-0705-0347-0923-0743-0874-0761-0722
1151,1210-0119-0436-1322-0250-0993-0412-0060-0621-0876
1152,0346-0440-0028-1178-0484-0807-0336-0330-0751-1296
1153,0065-0084-0787-0075-1001-0771-1107-0775-0764-0095
1154,1177-0888-0539-0355-0853-0032-1119-0203-0789-1546
1155,0432-0575-0396-0188-1294-1069-0607-1171-1175-0493
1156,0616-0496-0769-1358-0144-0937-1374-0235-1142-0366
1157,0190-0048-0544-0268-1210-1171-0442-1247-0183-0193
1158,0551-0564-0553-0565-0745-0377-0488-0498-0477-0926
1159,0010-0153-0156-0286-0427-0457-0561-0746-0795-0836
1160,1146-1147-1086-0221-0218-1125-1141-0874-0499-0853
1161,0920-1183-0851-0057-0419-0783-0417-0977-0426-0410
1162,0545-1478-0018-0392-1503-0710-1212-1460-0792-1426
1163,0702-0636-0358-0704-0662-0008-1558-0424-1015-0817
1164,1504-0219-0050-1381-0571-0706-0351-1422-1411-0244
1165,1124-1131-0742-0738-0749-0118-1008-1558-0698-0784
1166,0055-1111-0202-1359-1072-1559-0587-0528-0258-1045
1167,0859-1349-0040-0857-0832-0355-0082-0220-1016-1260
1168,0531-0687-0366-1161-0639-0946-0494-0634-1018-0986
1169,0333-0481-0263-0282-1198-0484-0155-1051-1254-0673
1170,1171-0021-1103-0575-0817-0570-0579-0048-0524-0839
1171,1170-0021-1103-0570-0575-1109-0817-0080-0587-0791
1172,1258-0868-0209-0777-0082-0790-0837-0765-0070-0859
1173,1128-0371-1313-0008-0480-0011-0767-0459-0786-0205
1174,0940-0867-1223-1070-0723-0447-0810-0529-0284-0616
1175,0049-0849-1176-0366-0912-0426-0917-0911-0639-0404
1176,0402-0645-0415-0416-0413-0424-0414-0408-0426-1015
1177,1154-0539-0853-0888-1119-1526-1287-1332-0881-0032
1178,0346-0131-0014-1098-0864-1002-1529-0481-0137-1138
1179,0047-1315-1083-0793-0373-0832-0466-0458-1192-1547
1180,1536-1439-0556-0567-1029-0295-0784-0698-0118-1008
1181,1355-0231-1328-1342-1244-0910-1336-0622-0612-0157
1182,0580-0695-1300-0800-0017-0769-1349-0586-0652-0870
1183,1454-1460-1512-1449-1254-1559-1161-1111-0240-0294
1184,1037-0925-0749-0170-0588-0829-1165-0157-0608-0529
1185,1129-0951-1176-0469-0645-1434-0462-1223-0098-0263
1186,1079-1437-0723-0356-1523-0234-0322-0270-0239-0821
1187,0290-1511-1496-1507-1540-1240-1384-1509-1490-1409
1188,1034-1524-1362-0304-1467-1421-0294-1535-0289-1240
1189,1260-0227-0198-1167-0082-0472-1371-1354-0032-0220
1190,0596-1069-0791-0081-0860-1552-0227-0610-0947-0849
1191,1489-1526-1067-1519-1379-1516-1464-1481-1473-1561
1192,0504-0303-0756-0945-0233-1179-0727-1408-1252-1330
1193,1431-0813-0505-1424-0127-1019-0697-0348-0585-0803
1194,0617-1288-1239-1452-1149-1529-1246-0089-0137-0715
1195,0715-0813-1230-0254-0799-1220-1105-0516-1406-1330
1196,0673-1113-0241-1479-0289-1149-1283-0374-0331-0338
1197,0938-1143-1375-0431-0742-0266-0375-0214-0529-0187
1198,0164-1169-1437-0322-0356-0708-0288-0017-1430-0074
1199,0503-0557-0568-0898-1009-1218-1293-1199-0252-0287
1200,0792-0769-0783-0787-0763-1001-1107-0804-0794-0771
1201,1101-1211-1096-0354-0128-0070-0572-1495-0063-0591
1202,1135-0783-1344-0145-0764-0792-0060-1200-0095-0763
1203,1217-0434-0033-0195-0341-1106-0631-1020-0042-1396
1204,0659-0391-0904-0445-1149-0390-0317-1202-1213-0481
1205,0119-1123-1062-0390-0982-0663-1250-0104-0386-1044
1206,1211-1484-0070-0700-1080-0218-0000-0873-1067-0741
1207,0820-1551-0999-0569-0558-0270-0015-0941-1151-0335
1208,0994-1058-0988-0992-0852-1010-0781-1229-0704-1539
1209,0853-0805-0347-0089-0436-0737-0760-0045-1429-0798
1210,1146-0060-0874-0851-1125-1141-0067-0111-0473-1248
1211,1518-1206-0323-1201-1484-0474-0873-1269-0700-0070
1212,0559-0659-0537-1460-1512-0496-1247-0124-1027-0634
1213,0365-1345-0618-1566-0641-0635-1204-0633-0150-0991
1214,0264-0859-0832-0040-0833-0179-0868-0959-1149-0104
1215,1231-0279-1310-0329-1241-1149-1283-0525-0390-0617
1216,0832-1016-0875-0803-0264-1461-0958-1167-0964-0203
1217,1203-0434-0033-0341-0195-1106-1396-1020-0829-0514
1218,0503-0557-0568-0898-1009-1218-1293-1199-0252-0287
1219,0022-0528-1041-1539-0139-0411-0917-1021-0175-0915
1220,1025-1102-0813-0888-0155-0131-0894-1493-1149-0129
1221,0737-0281-0738-1076-1042-0369-1012-0950-1176-0616
1222,0646-0024-0620-1346-0619-0161-1294-0115-0116-0949
1223,0882-0890-0820-1432-1174-1360-0154-0744-1434-0729
1224,0909-0166-0222-0628-0822-1149-0040-0359-1279-0959
1225,0436-0819-0879-1266-0092-0442-0827-0922-0710-0330
1226,1572-1415-0534-0631-0881-0309-0438-1204-0208-0995
1227,0042-1295-0002-0330-0336-0803-0475-0827-0222-0331
1228,1237-0253-0680-0699-0831-0621-0851-1310-1412-0525
1229,0125-0132-1208-0170-0147-0887-0098-0124-0190-1539
1230,1336-0934-0496-0644-0163-0337-0339-1476-0135-0157
1231,1215-0384-0124-1460-0491-0225-0446-0178-0402-1410
1232,1295-0597-0665-0138-1047-0198-0374-1121-1531-1117
1233,1181-0679-0371-1313-0206-1355-1261-1336-0231-0308
1234,0118-1008-0698-0784-0875-0268-1398-1124-1131-0820
1235,1371-1316-0374-1090-1299-1553-0002-0520-1136-1194
1236,0305-0247-1238-0490-1336-1342-1276-0185-0134-0077
1237,1228-0253-0437-1550-0006-0774-1428-0680-1466-1412
1238,1117-1239-1403-1463-1408-0934-1517-0178-0030-0663
1239,1498-0649-1339-1040-1196-0983-0617-0063-1238-1564
1240,1496-0259-1187-0290-1511-1509-1393-1521-1490-0536
1241,0245-1215-0279-1113-1393-1521-1240-0987-0030-1266
1242,1038-0906-1504-1443-1436-1449-1254-1368-1240-1447
1243,0262-1450-1366-1398-1452-1429-1371-1066-1546-0387
1244,0355-0888-0047-0360-0812-1463-1288-1181-0031-0466
1245,1508-1474-1310-0945-1501-1492-1331-1534-0362-1460
1246,1390-1401-1286-1339-1418-1568-1510-1571-1325-1269
1247,0290-1026-1507-1540-1240-1384-1460-1500-1331-1534
1248,1325-1568-1418-1339-1510-1571-1390-1269-0957-1286
1249,1498-1489-1481-1379-1519-1122-1255-1516-1561-1191
1250,1205-0546-1283-1472-0318-0754-1309-0803-1216-1121
1251,1458-1066-1316-1452-1366-1450-1565-0260-0522-1566
1252,1068-0454-0942-1504-0733-0684-1500-0504-0627-0441
1253,1345-1054-1167-1517-0681-0083-1566-0046-0859-0475
1254,1472-1038-0540-1511-1530-1436-1381-1384-1447-1247
1255,1379-1516-1481-1473-1249-1457-1489-1561-1526-1482
1256,0782-0957-1224-0609-0822-1140-0972-0773-0467-0993
1257,0467-0217-1287-1332-1067-0211-0892-0880-0831-1283
1258,1172-0000-0140-0876-0082-0778-0766-0340-0694-1145
1259,0103-0846-0543-1047-0824-0675-0771-0877-0211-0692
1260,0083-0040-0765-0179-1354-1145-0868-1390-0776-0082
1261,1289-0451-0398-1120-0455-0560-0270-1100-1093-1079
1262,1279-0320-0040-1224-0868-0975-1500-0047-1299-0082
1263,1026-1516-0060-1526-0552-0089-1509-1418-0259-1044
1264,0587-0581-0817-0080-0524-0215-0281-0579-0570-1103
1265,1525-1506-1538-1271-1448-0261-1021-0865-0402-1370
1266,0329-1225-0879-1204-0341-0390-1445-0077-1561-1393
1267,1267-1568-1510-1420-1518-1269-1339-1571-1401-1080
1268,0832-1078-1406-1394-0047-1452-0264-1335-1214-1429
1269,1568-1518-1339-1510-1325-1571-1554-1267-1401-1420
1270,1130-0257-1424-0031-0973-1465-1280-1555-0573-1239
1271,0438-0607-0610-0087-1297-1265-0850-0865-1380-0238
1272,0778-0765-0766-0762-1260-1145-0129-0591-0104-0128
1273,0655-1345-0439-0629-1361-0207-0033-0347-0453-0138
1274,1357-0502-0094-1553-0895-1415-0936-1275-0093-0283
1275,1275-0094-1398-0935-0618-0275-1080-1401-0207-1568
1276,0955-0944-0941-0694-0794-0439-1145-0140-0127-0715
1277,1277-0595-1083-0657-0030-1263-0061-1149-1225-0809
1278,0010-0153-0156-0286-0427-0457-0561-0746-0795-0836
1279,0857-0220-0387-0070-0040-1260-0166-0975-0700-0963
1280,0070-0436-0031-0094-0129-1463-0017-0789-1334-0405
1281,0257-0063-1260-0578-1401-1286-1354-0360-0765-0387
1282,1143-0478-1160-0709-1447-0246-1089-1049-0484-0436
1283,0241-0754-0617-1145-1401-1149-1334-1390-0905-0176
1284,0129-0040-1260-0345-0128-0617-0354-1101-0701-0003
1285,0638-0219-0209-0099-0837-0083-0060-0343-0000-0694
1286,1418-1246-1390-1339-1401-1571-1420-1510-1267-1554
1287,1332-1501-1511-1449-1500-1490-1410-1385-1187-1509
1288,1281-0031-0257-0971-1354-0976-0045-1244-0958-1194
1289,1261-1120-0113-1100-1093-0605-0398-0847-1487-0670
1290,0231-0888-1408-1492-0368-0289-0982-0361-1330-1562
1291,1274-1562-1330-0983-0546-0889-0516-1144-1110-1104
1292,1532-1384-0290-1507-1540-1490-1240-1511-1409-1187
1293,0503-0557-0568-0898-1009-1218-1293-1199-0252-0287
1294,0668-0619-0620-1346-0146-1043-1092-1222-0646-1407
1295,0718-1232-1227-1104-1110-1189-0038-0717-1117-1328
1296,1528-1553-0522-0980-0435-0119-0231-1326-0540-0807
1297,0210-1245-0575-0452-0170-1508-1453-0428-0057-0240
1298,0909-0832-0859-1260-0222-0355-1081-0888-1335-0359
1299,0047-1016-0474-0975-0979-0177-1354-0628-1546-0788
1300,1035-0000-1402-0357-1182-1369-0790-1553-1424-0718
1301,0104-0264-0387-0360-0474-0975-0040-1546-0590-0788
1302,0287-0350-0602-1082-1085-1302-1433-1032-1084-1413
1303,0231-0629-0367-0178-0246-0348-1477-0244-1027-1250
1304,0734-0160-0799-1035-1288-1283-0664-0264-1305-0983
1305,0299-0734-1537-0230-1304-1488-1258-0665-0832-0433
1306,1451-0812-1480-1443-1330-1562-0904-0073-0053-0954
1307,0075-0783-0145-1248-0792-1107-0493-0885-1510-0024
1308,1476-0185-1336-1115-0815-0029-0895-0143-0435-1553
1309,1501-1460-1512-0225-0258-0240-1449-1500-1559-1111
1310,1508-1245-1474-1460-1512-1388-0246-1449-0240-1183
1311,0046-1262-1356-1321-0399-1414-0172-0033-0739-1274
1312,0739-1075-0942-1119-0132-0168-0425-0236-1306-0042
1313,0462-1173-1233-1356-1407-1208-0480-0371-1127-0398
1314,1498-0572-0189-0463-0776-1495-0617-1401-0741-1101
1315,0832-0591-0909-1110-1104-0753-0888-1546-0789-0092
1316,0909-0220-0832-1491-1066-1117-0260-0959-1235-1450
1317,1513-1132-0479-0829-0001-0960-0933-1270-0826-1091
1318,0655-1113-0955-0127-0535-0895-0515-0274-0624-0209
1319,0518-0507-1549-0120-0503-0557-0568-0898-1009-1199
1320,0556-0567-0377-0488-1439-0745-1536-0324-0118-1008
1321,1551-1253-0302-0046-0717-1189-0681-1500-1311-0532
1322,1151-0879-0956-0151-0732-0554-0566-0876-0951-0049
1323,1371-0119-0013-0004-0399-0728-0941-0954-1277-0421
1324,1512-1454-1559-1388-0240-1460-0225-0226-1111-1501
1325,1510-1339-1571-1269-1568-1401-1418-1390-1420-1267
1326,0231-0157-0435-1553-1296-1452-1415-1529-0644-0214
1327,1363-0937-1039-0020-0560-1087-0940-0933-1033-0538
1328,1181-0910-1342-0348-1361-1508-1310-1567-0629-1477
1329,0855-0117-0307-1164-0538-0314-0616-0498-0742-1222
1330,1562-1444-0083-0909-1290-1408-1306-1025-1275-0936
1331,1534-1240-0229-1511-1485-1496-1422-0290-1187-0537
1332,1332-1501-1511-1449-1500-1490-1410-1385-1187-1509
1333,1143-1536-0709-1439-1116-0801-0806-0324-0937-0369
1334,1145-1283-0858-0129-1260-0340-0140-0034-1280-0017
1335,0047-0859-1298-0832-0179-1369-0069-1354-0474-0070
1336,0520-0337-0339-1463-1477-1230-1355-0143-0608-0644
1337,0948-0190-0952-0211-0073-1548-0630-0992-0988-0634
1338,0127-1566-1113-0958-0617-0000-0220-0399-0172-0515
1339,1571-1568-1510-1401-1269-1325-1420-1418-1267-1554
1340,0857-0449-0700-0220-0888-0474-0355-0875-0975-1484
1341,0217-1524-1427-1287-1332-0686-0331-0338-1511-1390
1342,1181-0231-1328-1371-1469-0157-1355-0367-1477-1522
1343,0463-1046-0713-1481-0902-0974-1280-0586-0357-0176
1344,1001-0792-1107-0794-0095-0099-0764-0656-0640-0219
1345,0633-0083-0140-0658-1213-1285-1036-0694-0868-0700
1346,1346-0619-1294-0668-1222-0646-0146-0949-0116-0115
1347,0090-0560-0570-0088-0739-0389-1090-0215-0581-0901
1348,0172-0141-1262-0158-0399-0728-1098-0886-1361-0015
1349,1167-0040-0017-0082-0083-0790-0697-0888-0859-1260
1350,1466-1529-0936-1275-0638-0476-0169-0217-1075-1443
1351,0495-0845-0289-1370-0211-0918-0030-0920-0160-0550
1352,0867-1375-1523-0395-1169-1000-0498-1174-0716-0519
1353,0698-0784-0118-1008-0529-0097-0324-0498-0950-1165
1354,0971-0857-0051-1546-0059-0976-0466-0975-1260-0387
1355,1181-0927-1477-0348-0157-1336-0629-0517-0910-0921
1356,0172-1101-0718-0387-1016-1484-0133-0070-0032-1372
1357,1274-1400-0695-0904-0731-0009-0877-0809-1564-0520
1358,1476-1115-0180-1355-1537-1308-0812-1475-0725-0721
1359,1120-1432-1033-0529-0250-0709-1166-0369-1086-0512
1360,1177-1154-0263-0142-1223-1065-0613-0253-0907-0440
1361,0312-1273-1328-0167-0435-1348-1021-0893-0515-0302
1362,1188-1034-1524-0304-0289-1467-0294-1573-1421-1535
1363,1363-0937-1039-0020-0560-1087-0940-0933-1033-0538
1364,0468-1089-0440-1399-1387-1487-0666-0540-1479-0544
1365,1527-1373-1087-0890-0882-0440-1499-0666-0049-0519
1366,1450-1066-0224-1243-0262-0713-0833-0260-1452-1371
1367,0087-1384-1154-1110-1104-1177-0906-1341-0240-1368
1368,1247-1242-1453-0559-1443-1460-1183-1254-1395-0473
1369,1335-0158-1280-0070-0777-0522-0209-0260-0000-1066
1370,0537-1507-1540-1509-1448-1397-1331-1534-1568-1393
1371,1235-0926-1447-0796-0262-0658-1243-0935-0224-0941
1372,1484-1519-1269-1410-1498-1419-1325-1490-1249-1489
1373,1527-1365-0882-0890-1087-1499-0666-0440-0049-0960
1374,0514-1090-0150-0462-1463-0803-0604-0829-1117-1205
1375,0938-1197-1352-0723-0476-0867-0509-0872-0431-0677
1376,0626-0588-1150-1259-0142-1360-0704-0760-1207-1545
1377,0010-0153-0156-0286-0427-0457-0561-0746-0795-0836
1378,0296-0293-1516-1561-1526-1457-1481-1489-1482-1379
1379,1489-1481-1255-1191-1457-1516-1473-1526-1067-1249
1380,0669-0452-1063-1550-0856-0865-1051-1271-0870-0997
1381,1254-1038-1436-1395-1309-0906-1263-1240-1501-0719
1382,1382-1496-1240-1511-1384-1409-0259-0290-1026-1490
1383,0771-1263-0199-0215-0052-0696-1509-1399-0775-1517
1384,1511-0290-1532-1187-1496-1507-1540-0536-1382-1240
1385,1511-1490-1509-1240-0259-1496-0290-1384-1187-1287
1386,0226-1324-1409-0225-1501-1384-0536-1382-1388-1496
1387,1551-0718-1364-0249-1539-1415-1226-0392-1083-0026
1388,1460-1324-1449-1501-1559-1512-1454-0225-0258-1496
1389,1500-0258-1449-1410-1490-1287-1332-1388-0536-1382
1390,1401-1246-1418-1568-1339-1286-1420-1571-1325-1269
1391,1520-0213-1444-0225-0980-0816-0212-1306-0309-1371
1392,1286-1514-0671-0888-1067-1390-1526-1561-1509-1517
1393,1521-1509-1026-1240-1490-1187-1496-1507-1540-0290
1394,1400-1435-0092-1268-0813-0368-1290-1220-0612-0622
1395,1331-1534-1422-1247-0255-1254-0891-1397-1485-1427
1396,1438-0761-1080-0341-0220-1518-1561-0264-0975-0325
1397,1448-0537-1516-1422-0293-0296-1485-1378-1191-1506
1398,0936-1275-1243-0785-0264-0387-0788-0449-0582-1340
1399,1026-1496-1476-1393-1521-0244-1490-1426-1240-1532
1400,1435-0599-1394-1315-1357-0064-0028-1110-1104-0047
1401,1339-1390-1418-1420-1568-1571-1246-1510-1269-1325
1402,1300-0311-0328-0721-0772-1424-1167-0479-0399-0589
1403,1066-0530-0224-0638-1238-0260-1371-0982-1366-1450
1404,1122-1511-1467-1418-1385-1390-0289-1401-1287-1332
1405,0458-0747-1465-0585-0573-0939-0987-0772-1270-0591
1406,0793-0798-1081-0979-0974-1268-1315-0959-1007-0832
1407,1294-0385-1313-0396-0545-1487-0398-0471-1168-0949
1408,1290-1562-1330-0906-0289-1238-1309-1496-0982-1038
1409,1511-1532-0290-1187-0536-1382-1240-1384-1496-1507
1410,1419-1460-1500-1287-1332-1389-1490-1449-1501-1372
1411,1462-0540-0533-0250-1476-0527-0303-0251-0981-0597
1412,0851-0238-0429-0290-0052-1409-1187-0802-1384-1188
1413,1455-0252-0287-0350-0602-1032-1082-1085-1302-1433
1414,0655-0167-0658-0922-0337-1117-0339-0644-0033-1345
1415,1274-0657-1239-0980-1226-0157-0987-0935-0597-0502
1416,0319-0347-0464-0906-0997-0444-0401-0315-1087-0150
1417,1102-1398-1066-0735-1315-0224-1139-0671-1400-1371
1418,1401-1390-1339-1571-1420-1286-1568-1325-1510-1269
1419,1410-1438-1489-1500-1372-0873-1490-1401-1287-1332
1420,1267-1554-1568-1339-1401-1510-1418-1571-1269-1518
1421,1034-0294-0304-1467-1188-1535-1573-1524-1331-1534
1422,1485-0537-1506-1538-1448-1397-1331-1534-0229-1395
1423,0345-0868-0128-1201-0354-1096-1101-1067-1514-1473
1424,0888-0345-0973-0354-0598-0789-0964-0688-0974-0959
1425,0273-0538-0513-1519-0508-0461-0588-0074-0751-1322
1426,1399-1492-1451-0496-0931-1476-0290-1449-1478-0863
1427,1418-1464-1519-1341-1571-0289-1287-1332-1390-1514
1428,0169-0031-1243-1459-0198-1167-0532-0312-0539-1189
1429,1243-1452-1444-0262-0721-0436-0822-1244-0405-1445
1430,1470-1014-0556-0567-0118-1008-0389-0698-0784-0709
1431,1193-0505-0434-0734-0690-1336-0708-1463-0129-0336
1432,1359-1223-0820-0270-0375-1207-0234-0356-1151-0322
1433,0287-0350-0602-1082-1085-1302-1433-1032-1084-1413
1434,1536-1439-0295-1029-1131-1124-0569-0558-0951-1014
1435,1400-1394-0092-0312-1081-1290-0160-0216-0922-1201
1436,1038-0906-1504-1242-1254-1381-1443-1384-0550-1247
1437,0239-0714-0872-1319-0512-0653-0388-1186-0507-1199
1438,1484-1489-1561-1498-1518-1269-0341-1396-1495-0681
1439,1536-0295-1434-1180-1320-0558-0569-1333-0556-0567
1440,1505-0776-0362-1040-0179-0340-0000-1260-0229-1492
1441,1334-0246-0473-0052-1370-1463-0495-0176-0726-1399
1442,0271-1480-0374-1125-1141-0211-0905-1042-0754-1370
1443,1242-0906-1038-1504-1561-1489-1191-1080-1269-1436
1444,1562-1330-1456-1429-1280-1244-0341-1463-0600-1243
1445,0436-0623-1447-0244-1492-0246-1066-1280-0315-0935
1446,1092-0835-1027-0545-0170-1289-1453-0101-0736-0781
1447,0540-1112-1254-0246-1242-0649-1445-1472-1530-1371
1448,1397-0537-1506-1538-1485-1422-1453-1370-1331-1534
1449,1460-1388-0258-1287-1332-1389-1500-1490-1240-1501
1450,1366-1066-0224-1243-0262-0713-0833-0260-1452-1371
1451,1368-1371-1392-1306-1426-1447-1399-1385-1443-0721
1452,0262-1243-0942-1429-1366-1450-0224-0832-0274-1316
1453,1448-1516-0292-1397-1255-1191-0296-0293-1247-1331
1454,1512-0240-1559-1324-1460-1111-1388-0225-1183-1449
1455,1455-0252-0287-0350-0602-1032-1082-1085-1302-1433
1456,1482-0982-1561-0970-0289-0868-1493-1473-0275-1481
1457,1526-1379-1378-1516-0296-0293-1255-1481-1561-1482
1458,0123-1251-0631-0038-0204-0069-0198-1216-0373-1565
1459,0312-0515-1428-1031-1491-0031-1288-0133-0374-0454
1460,1559-1512-1388-0240-1449-1454-0225-1410-1324-1500
1461,1216-0371-0189-1335-1403-0198-1280-0789-1452-0741
1462,0515-1411-1491-1112-0540-0700-1504-0341-0133-1080
1463,1280-1476-1336-1447-1244-0721-0436-0800-1371-0505
1464,1067-1519-1191-1269-1482-1561-1516-1379-1325-0296
1465,0813-1270-1424-0894-0034-0031-1423-0725-0207-0708
1466,1350-1292-0802-0777-0790-0292-0335-1532-0497-1119
1467,1524-0294-0304-0241-0289-1188-1034-1573-1421-1511
1468,0365-0708-1213-1075-1515-1268-0208-0376-0274-1119
1469,0246-0321-0182-0863-0250-0436-1368-1378-1447-1242
1470,1430-0389-0529-1014-0556-0567-0118-1008-0698-0742
1471,1011-0398-0050-0626-0477-0492-1174-1487-0941-0685
1472,1254-1511-1287-1332-1240-1467-1331-1534-1390-1501
1473,1526-1481-1516-1379-1255-1191-0296-0293-1489-1457
1474,1245-1508-1310-1247-1388-1501-1448-0229-1331-1534
1475,1476-0895-0178-0541-0289-0045-0726-0231-0808-0091
1476,1477-1475-1399-0533-1463-1308-1115-1358-0895-1336
1477,1355-1476-0348-0927-0157-1336-1331-1534-0517-0361
1478,1426-0576-0009-1331-1534-0496-0289-1240-1472-0645
1479,0030-1171-0021-1109-1170-1103-1196-1263-0673-0817
1480,0170-1125-1141-1399-1306-1535-1395-0199-0636-0931
1481,1489-1379-1526-1473-1249-1561-1498-1516-1255-1378
1482,1561-1489-1519-1379-1457-1481-1255-1438-1378-1516
1483,1502-0590-1246-1401-1385-1123-1286-0189-0697-0573
1484,1372-1438-1498-1269-0873-1561-1519-1080-1489-1255
1485,0537-1422-1506-1538-1448-1331-1534-1397-0229-1370
1486,0641-0348-1541-1367-1422-0927-0029-0932-0754-0787
1487,0114-1519-0036-1399-0670-1411-1289-1407-1447-0640
1488,0695-0135-0305-1136-0978-0694-1565-0578-0166-0069
1489,1379-1481-1191-1249-1526-1561-1438-1519-1518-1516
1490,1511-1240-1496-1187-1393-1521-1509-1385-0290-0258
1491,1066-1316-1462-0909-0341-0359-0042-1445-0832-1452
1492,1245-0216-0873-0552-0776-0259-1105-0883-1484-1472
1493,0289-1390-1526-0671-0853-1285-0922-1490-1240-1473
1494,0368-0813-0615-1167-0490-0436-0803-0825-0688-0790
1495,1438-1489-1518-1484-0586-0681-1379-1546-0701-0063
1496,1511-1240-1187-0290-0259-0536-1382-1490-1026-1384
1497,1068-0765-0790-0258-0080-0689-0129-1287-1332-1036
1498,1249-1481-1484-1438-1489-1519-1191-0785-1473-1372
1499,0882-0890-1373-1365-1527-0876-1087-0014-0381-0190
1500,1389-1187-1410-1287-1332-1496-1460-1501-1449-0290
1501,1287-1332-1511-1388-0259-1240-1309-1500-1460-1496
1502,1502-0590-1246-1401-1385-1123-1286-0189-0697-0573
1503,0829-0358-1052-1533-1365-1162-0608-0207-1265-1373
1504,1242-0906-1038-1443-1436-1532-1247-1418-1240-0540
1505,1440-1267-1554-1556-0492-1314-1530-1392-1515-1543
1506,1538-0537-1485-1422-1448-1397-0048-1370-1331-1534
1507,1540-0290-1187-1511-1509-1496-1384-0259-1240-1393
1508,1245-1310-1474-0255-1512-1331-1534-0537-0957-1324
1509,1393-1521-1240-0290-0259-1187-1026-1507-1540-1496
1510,1339-1568-1554-1267-1571-1325-1269-1420-1401-1418
1511,1187-1496-0290-1384-1490-1240-1507-1540-1409-1287
1512,1559-0240-1454-1460-1324-0225-1111-1388-1309-0258
1513,1317-1132-0829-0960-1023-0786-0767-0826-0933-1374
1514,0340-0070-0345-1427-1401-1260-1571-0868-0051-0970
1515,0728-1510-0915-1054-0419-0918-0496-1397-0924-1554
1516,0296-0293-1378-1526-1561-1473-1191-1481-1255-1489
1517,1526-1516-1457-1561-1054-0296-0293-1263-1473-0060
1518,1269-1267-1554-1568-1571-1339-1420-1401-1510-1489
1519,1191-1464-1489-1249-1372-1498-1379-1482-1067-1269
1520,1520-0213-1444-0225-0980-0816-0212-1306-0309-1371
1521,1521-1509-1026-1240-1490-1187-1496-1507-1540-0290
1522,1342-0321-1543-0574-0119-0436-0591-1183-0555-0981
1523,0105-1186-1079-1352-1178-0951-0020-0270-0164-0072
1524,1467-1188-0304-1034-0289-1362-0294-0241-1501-1287
1525,1265-1512-1388-0261-1021-1454-1460-1324-1506-1538
1526,1516-1473-1481-1191-0296-0293-1561-1489-1378-1067
1527,1365-1373-1087-0890-0882-0666-1499-0440-0049-0459
1528,1296-0980-1553-0540-1068-0435-0119-0391-1179-1345
1529,1106-0726-0178-1350-1452-0546-0436-0016-1280-1080
1530,1254-1512-1447-0977-0540-1242-1368-1409-1038-0550
1531,0945-1225-0231-0536-1382-0157-1232-1215-1125-1141
1532,1384-0290-0259-1409-1490-1292-1511-1187-1240-1507
1533,0088-1503-1091-0208-0398-1135-0518-1185-0430-0645
1534,1534-1240-0229-1511-1485-1496-1422-0290-1187-0537
1535,1467-1421-0294-1188-0304-1034-1524-0241-0289-0067
1536,1439-0295-1434-1180-1333-1320-0569-0558-0010-0153
1537,0299-0180-1260-1144-0502-0812-0857-0166-0127-0036
1538,1538-0537-1485-1422-1448-1397-0048-1370-1331-1534
1539,0528-0419-1219-0022-0418-0404-0417-0912-1208-1137
1540,1540-0290-1187-1511-1509-1496-1384-0259-1240-1393
1541,0218-1255-0203-0888-0009-0617-1177-1473-0083-0179
1542,0473-0402-0918-0422-0924-0408-1059-0915-1015-0424
1543,0502-0633-0331-0338-0552-0987-0083-0922-1255-0449
1544,0628-1285-0347-1122-1249-1379-0320-0241-1524-0179
1545,0465-1437-0872-1252-0740-0001-0885-0592-0519-0729
1546,0975-0785-0474-0788-0590-1354-0976-0466-0857-0387
1547,0945-0259-0096-0048-0255-0367-0229-0719-1474-1026
1548,0878-1002-0190-0686-0957-0827-0445-0634-0682-0536
1549,0153-0156-0286-0427-0457-0561-0746-0795-0836-0896
1550,0669-1022-0997-0856-0639-0079-0444-1380-0865-1021
1551,1321-1207-0030-1387-0794-0091-0727-0664-1252-0046
1552,1571-0761-1427-1420-1418-0859-1339-0552-1484-1510
1553,0435-0644-0655-1296-0633-0980-1274-0157-0473-0796
1554,1267-1568-1510-1420-1518-1269-1339-1571-1401-1080
1555,0161-0717-1270-0433-0100-1307-0812-0243-0916-1089
1556,0874-0171-0647-1399-1505-1543-0278-0436-1288-0258
1557,0133-0990-0448-1288-0311-0328-0854-0135-0360-0538
1558,1014-0698-1124-1131-0784-0118-1008-1165-1180-0616
1559,1512-1460-1454-1324-0240-1388-0225-1111-1449-0258
1560,0491-0283-1066-0260-1488-0511-0615-1443-0456-1450
1561,1516-1526-1482-1378-1489-1481-1438-1080-0293-0296
1562,1330-1444-0083-0909-1290-1408-1306-1025-1275-0936
1563,0700-0070-1484-1066-0753-1564-0061-0873-0888-0030
1564,0061-0255-1066-0981-1567-1125-1141-0349-1457-1239
1565,1036-1566-0635-0694-0209-1260-1113-1488-0765-1136
1566,1113-1338-0172-1213-1345-0655-1565-0515-1253-0910
1567,0629-1564-0178-1484-0910-1340-1080-0608-1044-0792
1568,1339-1510-1267-1554-1269-1420-1571-1401-1325-1390
1569,1269-1518-1267-1554-1339-1438-1510-1568-1325-0341
1570,0925-0084-1349-1401-0110-1092-1495-0761-1167-0090
1571,1339-1510-1325-1568-1269-1401-1418-1420-1518-1267
1572,1242-1226-0635-1204-0067-0631-1213-0096-0853-0542
1573,1467-0294-0304-1034-1421-1524-1188-1500-1362-0760
